wavenumbers,absorbance
400.0,0.0
401.0,4.2987053079349925e-15
402.0,5.598648030725604e-14
403.0,8.534642339185637e-13
404.0,6.915386804469833e-14
405.0,2.7677719710158224e-14
406.0,2.9492386455831765e-14
407.0,3.395386832462953e-15
408.0,2.3893100659769833e-13
409.0,0.0
410.0,1.1893269189520456e-13
411.0,1.961020442571143e-15
412.0,9.593660556018114e-13
413.0,7.486873649628173e-15
414.0,6.762291705187809e-12
415.0,1.4330868767984675e-12
416.0,7.842998133420645e-14
417.0,2.417732275890154e-13
418.0,1.1932264716503989e-12
419.0,2.283123926647353e-12
420.0,5.136269772029214e-12
421.0,5.4145786982462186e-12
422.0,1.5028521305994318e-11
423.0,2.706585699988652e-13
424.0,6.812581438945676e-14
425.0,3.3809645533652933e-13
426.0,3.811917404587408e-14
427.0,4.452242176659413e-13
428.0,2.4674051932696127e-13
429.0,2.5362920631922446e-14
430.0,1.4643148512520877e-12
431.0,2.2306786653463087e-13
432.0,2.912142339563604e-12
433.0,1.945180465834015e-11
434.0,8.21520013954438e-12
435.0,4.2656158525804554e-14
436.0,1.7253744320229496e-13
437.0,4.8512314873331607e-14
438.0,4.932449126364347e-13
439.0,8.014563999591499e-13
440.0,1.34853858596206e-13
441.0,7.644826871584813e-14
442.0,1.973902125692961e-14
443.0,6.937714047622478e-13
444.0,2.973049693213685e-14
445.0,7.943467671603548e-13
446.0,4.3004575728139057e-13
447.0,7.93320100136038e-15
448.0,7.321020246069911e-14
449.0,6.742783415317706e-13
450.0,3.2939478742482366e-13
451.0,8.549724010676927e-12
452.0,2.1414813738804215e-13
453.0,2.8246586448941803e-13
454.0,1.179344749271844e-10
455.0,6.97102594059804e-14
456.0,3.037575423883426e-13
457.0,1.9536307373448015e-13
458.0,1.5107407103909256e-12
459.0,8.118408613546788e-13
460.0,4.5830917553324095e-14
461.0,2.418716570204484e-13
462.0,1.1945555101308034e-15
463.0,2.8971330106412485e-15
464.0,3.574009574441376e-14
465.0,9.384251981269989e-14
466.0,1.2175809873663115e-12
467.0,5.876639299042406e-14
468.0,4.591283073006253e-15
469.0,2.680935033493466e-13
470.0,1.1372332432609358e-12
471.0,6.611279610567334e-14
472.0,1.067280448366225e-11
473.0,3.7725319224139753e-14
474.0,2.3695931951560682e-11
475.0,7.895534241138192e-13
476.0,3.8514368817430475e-14
477.0,9.83845407895441e-14
478.0,5.0487190887079246e-14
479.0,1.6289193753736355e-15
480.0,8.181471803687033e-15
481.0,8.744957201301286e-14
482.0,1.3892088818033034e-13
483.0,2.6717307086070144e-15
484.0,1.518704568697179e-14
485.0,1.0051161530469973e-13
486.0,1.915711932400367e-12
487.0,2.4624861941649583e-14
488.0,9.87430106672734e-13
489.0,1.5533592077948593e-13
490.0,7.606403564879197e-11
491.0,4.912064920246259e-14
492.0,1.1690758042376337e-12
493.0,1.3961578970295245e-13
494.0,2.913535586092746e-14
495.0,7.367609479950142e-14
496.0,7.636900690510834e-15
497.0,1.9709499316114788e-14
498.0,2.5151132294319797e-15
499.0,4.6998227114225884e-14
500.0,4.513936905362582e-15
501.0,1.4132421371617603e-13
502.0,3.4052535115352594e-15
503.0,2.194445361348821e-13
504.0,1.1909246411403156e-14
505.0,3.777936502581239e-12
506.0,3.9718330356631643e-13
507.0,1.4832046663857171e-12
508.0,9.600452981424044e-13
509.0,1.0584487770922416e-12
510.0,2.0434374993742522e-13
511.0,1.557551524373406e-14
512.0,1.2934046891399002e-13
513.0,1.0497734352257436e-13
514.0,1.4808537292749202e-13
515.0,1.9156854355219168e-12
516.0,7.234987331278132e-15
517.0,3.818047587732729e-14
518.0,2.540915536387356e-13
519.0,7.211719070340758e-15
520.0,1.464863496782718e-15
521.0,1.0455067385666588e-14
522.0,3.3454512405123013e-13
523.0,2.6738928564653906e-14
524.0,6.280997812062421e-15
525.0,6.524828586657169e-15
526.0,4.835860355993248e-13
527.0,9.754251194753423e-13
528.0,2.5514963290883156e-12
529.0,6.249549492521614e-15
530.0,3.1613791930112215e-14
531.0,7.072495036785395e-13
532.0,7.11719472325065e-13
533.0,2.2330749850057774e-12
534.0,2.4061356182361254e-13
535.0,7.222370095617686e-15
536.0,2.7009801344753815e-12
537.0,3.9624209307974584e-14
538.0,4.4735277683896936e-13
539.0,3.4567592744732775e-15
540.0,4.6264898433173755e-15
541.0,3.8504233868482e-15
542.0,5.480868295899589e-15
543.0,1.3536035044512843e-13
544.0,2.185405958011755e-15
545.0,3.929062174109818e-14
546.0,2.37043046059041e-15
547.0,5.3183321823753525e-14
548.0,3.705844619730233e-14
549.0,1.271045790369933e-14
550.0,1.864513551834407e-13
551.0,2.634692496690865e-13
552.0,9.862090160563923e-13
553.0,1.117943763363345e-12
554.0,5.369957634611857e-13
555.0,1.6819628665308452e-13
556.0,2.0335556622276996e-13
557.0,9.426864115964066e-14
558.0,4.173772510964315e-16
559.0,4.562285451870538e-15
560.0,1.1654089530637994e-13
561.0,1.050154592541377e-12
562.0,2.1615928657142088e-16
563.0,6.304042375992524e-16
564.0,8.990526805568946e-15
565.0,1.7882071907485846e-14
566.0,3.6926707806232846e-14
567.0,4.765576068975193e-11
568.0,5.66773635730475e-13
569.0,4.5852319403723285e-14
570.0,6.274542993407194e-14
571.0,5.511295614091954e-15
572.0,3.7241064162774454e-13
573.0,1.570774162330455e-14
574.0,7.596178583110218e-12
575.0,5.58287336376878e-15
576.0,5.645872453094832e-15
577.0,4.933319205857675e-15
578.0,1.138531129350907e-14
579.0,3.64995799011545e-15
580.0,1.2797059986104154e-13
581.0,2.822689249532548e-15
582.0,4.2458230370261083e-16
583.0,1.0148804257796436e-15
584.0,5.0960786187754527e-14
585.0,3.0163939444952215e-14
586.0,1.1320752871460575e-13
587.0,1.3903418435865377e-14
588.0,5.663380736584676e-16
589.0,3.457278740585239e-13
590.0,5.4482986990060006e-15
591.0,4.27548392882199e-15
592.0,2.5053697161853914e-12
593.0,1.5562871360421557e-14
594.0,3.179777382611647e-14
595.0,4.616000301525312e-15
596.0,2.010909147204143e-12
597.0,2.558682535227798e-14
598.0,2.890412988575596e-15
599.0,3.693415546160307e-15
600.0,7.350045464939973e-13
601.0,3.305533813197542e-15
602.0,1.4733162719524662e-15
603.0,1.0895444386786861e-15
604.0,8.251040662953621e-15
605.0,1.5723363808574516e-13
606.0,1.5013385718891449e-15
607.0,3.5394428466572402e-15
608.0,6.347941124169212e-17
609.0,1.743673403759793e-16
610.0,4.5990986550900753e-17
611.0,1.1372266925628695e-14
612.0,1.591005482979181e-14
613.0,4.1818337939429696e-14
614.0,5.0714564897205837e-14
615.0,1.3321212405560422e-14
616.0,1.554245877615515e-14
617.0,1.7181490560676774e-11
618.0,1.747030196875561e-15
619.0,1.2988844437185863e-15
620.0,6.381771643927099e-16
621.0,1.5121896558476664e-15
622.0,8.932063218376349e-14
623.0,1.0943488480506704e-15
624.0,1.7226011345855964e-16
625.0,3.021539986842428e-15
626.0,3.7039245540183415e-16
627.0,2.6785869118878835e-16
628.0,1.852452100190505e-15
629.0,2.979223254861425e-15
630.0,8.919303240787771e-15
631.0,3.219345718859239e-16
632.0,3.951781499408106e-14
633.0,2.080453896412832e-12
634.0,3.829535866116577e-14
635.0,3.577357264573397e-16
636.0,4.625768636243681e-16
637.0,8.042828053524007e-15
638.0,5.2637724021363784e-15
639.0,7.294024414235078e-14
640.0,1.6373471348133865e-15
641.0,7.99659751497654e-16
642.0,8.70639148930053e-15
643.0,4.559158110285886e-15
644.0,2.3480509975723403e-15
645.0,1.2712484595135041e-15
646.0,1.1965688119816247e-16
647.0,5.149062486723659e-15
648.0,1.4339223943642856e-16
649.0,2.1019333455868674e-14
650.0,1.8220795466293633e-16
651.0,1.4949239375428964e-15
652.0,5.62007781693507e-17
653.0,1.320526524270351e-14
654.0,4.488544221688388e-14
655.0,1.377902638833019e-15
656.0,1.4770968246398408e-16
657.0,7.757205909391159e-19
658.0,1.371680099384851e-16
659.0,9.127911469149646e-16
660.0,3.1391182650057226e-18
661.0,1.552899861260868e-14
662.0,3.956757510588291e-16
663.0,6.532447386655879e-16
664.0,2.4543425243494555e-16
665.0,1.2064100611813424e-13
666.0,0.0
667.0,0.0
668.0,5.324520136351355e-17
669.0,4.065775259211926e-15
670.0,2.7429322110091207e-16
671.0,0.0
672.0,2.1196874076099446e-18
673.0,1.9697535164153057e-17
674.0,0.0
675.0,0.0
676.0,1.4470848801637384e-16
677.0,2.8700354918469056e-15
678.0,5.50813282303968e-17
679.0,0.0
680.0,1.835108297662726e-15
681.0,2.2432794338443745e-15
682.0,4.136498019688914e-18
683.0,0.0
684.0,6.87365875136992e-16
685.0,1.4520542216466573e-12
686.0,2.6136463658834656e-16
687.0,3.298608206017908e-14
688.0,5.125446084297704e-16
689.0,2.3153901129273385e-15
690.0,4.0681308912253774e-20
691.0,4.140033667535907e-18
692.0,7.129720760674506e-16
693.0,1.388762017588121e-15
694.0,7.575844331834128e-15
695.0,6.980855068169996e-16
696.0,9.298079517332355e-16
697.0,0.0
698.0,0.0
699.0,1.4339315938231679e-18
700.0,0.0
701.0,3.5603221609217786e-16
702.0,7.207697821533618e-16
703.0,1.5095637271014856e-13
704.0,3.1467145424251097e-15
705.0,1.2445869859901825e-12
706.0,1.030143012870964e-15
707.0,1.0180466229638976e-16
708.0,1.8379046743507227e-17
709.0,1.5190630659698184e-13
710.0,0.0
711.0,3.525500899305669e-17
712.0,0.0
713.0,1.414712365411026e-17
714.0,5.092001704965062e-16
715.0,1.276186819627256e-17
716.0,1.7398500187422103e-16
717.0,8.797216853382604e-15
718.0,0.0
719.0,1.8131468348361354e-18
720.0,1.8255112706185445e-14
721.0,3.3404286940895415e-17
722.0,0.0
723.0,0.0
724.0,0.0
725.0,0.0
726.0,0.0
727.0,2.7057518144907093e-15
728.0,3.2680455456423235e-17
729.0,1.7709678167141975e-16
730.0,1.2255789539253917e-15
731.0,2.1054038223521467e-16
732.0,7.935156719965976e-17
733.0,6.506028294807639e-17
734.0,2.308437782530733e-16
735.0,3.1461623009440864e-14
736.0,0.0
737.0,2.4521339991659286e-15
738.0,1.577736852185947e-15
739.0,9.641221741783166e-17
740.0,0.0
741.0,2.1900714078790736e-15
742.0,1.3641002857636491e-16
743.0,5.349095271565955e-13
744.0,7.196930828793126e-17
745.0,0.0
746.0,0.0
747.0,0.0
748.0,0.0
749.0,0.0
750.0,0.0
751.0,0.0
752.0,0.0
753.0,0.0
754.0,0.0
755.0,0.0
756.0,0.0
757.0,0.0
758.0,0.0
759.0,0.0
760.0,0.0
761.0,0.0
762.0,0.0
763.0,0.0
764.0,0.0
765.0,0.0
766.0,0.0
767.0,0.0
768.0,0.0
769.0,0.0
770.0,0.0
771.0,0.0
772.0,0.0
773.0,0.0
774.0,0.0
775.0,0.0
776.0,0.0
777.0,0.0
778.0,0.0
779.0,0.0
780.0,0.0
781.0,0.0
782.0,0.0
783.0,0.0
784.0,2.545059565498508e-15
785.0,0.0
786.0,0.0
787.0,1.718639448315607e-12
788.0,0.0
789.0,0.0
790.0,0.0
791.0,0.0
792.0,0.0
793.0,0.0
794.0,0.0
795.0,0.0
796.0,0.0
797.0,0.0
798.0,0.0
799.0,0.0
800.0,0.0
801.0,0.0
802.0,0.0
803.0,0.0
804.0,0.0
805.0,0.0
806.0,0.0
807.0,0.0
808.0,0.0
809.0,0.0
810.0,0.0
811.0,0.0
812.0,0.0
813.0,0.0
814.0,0.0
815.0,0.0
816.0,0.0
817.0,0.0
818.0,0.0
819.0,0.0
820.0,0.0
821.0,0.0
822.0,0.0
823.0,0.0
824.0,0.0
825.0,0.0
826.0,0.0
827.0,0.0
828.0,0.0
829.0,0.0
830.0,0.0
831.0,0.0
832.0,0.0
833.0,0.0
834.0,0.0
835.0,0.0
836.0,0.0
837.0,0.0
838.0,0.0
839.0,0.0
840.0,0.0
841.0,0.0
842.0,0.0
843.0,0.0
844.0,0.0
845.0,0.0
846.0,0.0
847.0,0.0
848.0,0.0
849.0,0.0
850.0,0.0
851.0,2.930371338279193e-16
852.0,0.0
853.0,0.0
854.0,0.0
855.0,0.0
856.0,0.0
857.0,0.0
858.0,0.0
859.0,0.0
860.0,0.0
861.0,0.0
862.0,0.0
863.0,0.0
864.0,2.2679721177840587e-16
865.0,9.50751042920712e-14
866.0,1.2085794939935473e-14
867.0,3.233901149805137e-13
868.0,8.460420931167673e-16
869.0,0.0
870.0,8.181786982401655e-16
871.0,0.0
872.0,0.0
873.0,0.0
874.0,0.0
875.0,0.0
876.0,0.0
877.0,4.6438068643804956e-14
878.0,0.0
879.0,2.8221664831921195e-14
880.0,1.1171998140070816e-13
881.0,5.06929371012893e-14
882.0,1.3227891138311963e-14
883.0,0.0
884.0,1.3077299183653694e-15
885.0,2.5335296963593646e-13
886.0,1.907090009974172e-15
887.0,0.0
888.0,1.5197575619903482e-15
889.0,0.0
890.0,0.0
891.0,0.0
892.0,1.3571796614920716e-14
893.0,0.0
894.0,0.0
895.0,1.1194256053833705e-12
896.0,1.0135680559139761e-14
897.0,0.0
898.0,3.6626652237533283e-14
899.0,8.345580451177344e-14
900.0,4.626734308406561e-13
901.0,8.500922525533e-16
902.0,0.0
903.0,9.087089787792954e-13
904.0,0.0
905.0,5.865201791466463e-16
906.0,0.0
907.0,7.84920876865755e-15
908.0,4.2323357242968106e-16
909.0,0.0
910.0,0.0
911.0,7.254840429782423e-12
912.0,5.155274764549192e-14
913.0,3.1453561252232235e-13
914.0,1.5879452023558062e-13
915.0,2.2807919014965924e-13
916.0,3.113100043882379e-14
917.0,5.365272722255311e-15
918.0,0.0
919.0,1.5524449366021967e-15
920.0,0.0
921.0,0.0
922.0,0.0
923.0,0.0
924.0,0.0
925.0,3.763535749210502e-13
926.0,0.0
927.0,7.656712245891685e-13
928.0,1.7515376305645586e-13
929.0,3.004380325668233e-13
930.0,2.6768062772639617e-13
931.0,2.2644829925939033e-13
932.0,2.1897053226637775e-12
933.0,2.300645161823299e-12
934.0,2.0829223370651676e-13
935.0,0.0
936.0,0.0
937.0,7.416039287798562e-15
938.0,0.0
939.0,4.4707356730552194e-13
940.0,0.0
941.0,0.0
942.0,1.7678004993738667e-13
943.0,1.196247920794756e-12
944.0,2.2974907513713742e-11
945.0,1.141276651136406e-11
946.0,5.618296386754988e-13
947.0,3.220752426141784e-12
948.0,6.029310534618626e-14
949.0,2.2503018817553411e-10
950.0,1.4086528832272282e-15
951.0,2.1150639504820472e-14
952.0,0.0
953.0,2.3659301239546876e-13
954.0,0.0
955.0,0.0
956.0,9.685780828709376e-13
957.0,4.379477909277567e-12
958.0,0.0
959.0,1.6846180916406869e-12
960.0,1.62772043844799e-10
961.0,3.2594581150592326e-12
962.0,2.1432138786143777e-12
963.0,5.808806648839867e-13
964.0,4.3367477126391496e-13
965.0,1.2850414306370928e-15
966.0,5.05889590643628e-13
967.0,3.826059883424836e-16
968.0,2.0222251558392856e-12
969.0,0.0
970.0,0.0
971.0,0.0
972.0,1.2000984742696686e-12
973.0,1.522416889108342e-15
974.0,1.9145820256601298e-13
975.0,1.2922987831967994e-11
976.0,1.9868955727552287e-11
977.0,6.251028061247372e-13
978.0,2.8195527568417704e-12
979.0,3.199524976157906e-12
980.0,7.842549272388457e-10
981.0,1.1142421147837431e-14
982.0,6.159261438885949e-13
983.0,0.0
984.0,4.457886160182392e-16
985.0,1.5232980530308838e-11
986.0,3.09727147502511e-13
987.0,6.806839622110599e-14
988.0,0.0
989.0,8.279214549083579e-13
990.0,1.2102337259393669e-12
991.0,1.7374204365525478e-11
992.0,1.1995854624644222e-10
993.0,5.370191979399191e-11
994.0,4.516639629224534e-13
995.0,1.756868966915665e-10
996.0,6.594808608525946e-14
997.0,8.169715624568458e-12
998.0,8.860863357757362e-13
999.0,1.6751515022262124e-11
1000.0,3.5036209220809617e-14
1001.0,2.354309302639588e-12
1002.0,1.976713142484751e-15
1003.0,1.7450119751718634e-13
1004.0,0.0
1005.0,2.3393898126588983e-16
1006.0,5.0227751759875807e-14
1007.0,9.726837621560335e-12
1008.0,3.476482443541521e-11
1009.0,2.494233472238149e-10
1010.0,5.4692129948016e-11
1011.0,1.2868936854019701e-10
1012.0,1.7883827143163705e-12
1013.0,4.452462574723831e-13
1014.0,1.0514774409996455e-12
1015.0,1.3274501769922826e-14
1016.0,6.895367054127484e-13
1017.0,5.888865722554132e-12
1018.0,1.2354532461471056e-13
1019.0,4.62714017511398e-13
1020.0,1.2998358157456364e-13
1021.0,1.1956283863517924e-10
1022.0,7.763607841086736e-13
1023.0,1.1670547701667715e-10
1024.0,4.519105260998185e-09
1025.0,2.880575337185277e-10
1026.0,5.680470897112964e-10
1027.0,1.367340593330697e-10
1028.0,1.9239020268913863e-12
1029.0,5.1566478571524106e-11
1030.0,2.836064438916149e-10
1031.0,1.1571330285445513e-14
1032.0,4.559558789823168e-11
1033.0,1.4778194446801656e-10
1034.0,2.194975089153427e-11
1035.0,2.4979601030746214e-13
1036.0,7.368989111537274e-13
1037.0,4.3424519759350466e-11
1038.0,5.564090962119916e-12
1039.0,3.977660503701578e-09
1040.0,5.286101381316963e-10
1041.0,3.0589956855717155e-10
1042.0,1.0408356530800213e-11
1043.0,5.66150663285438e-13
1044.0,5.198235777614723e-12
1045.0,2.2891739055996337e-11
1046.0,3.888735078675461e-12
1047.0,2.002875955218266e-12
1048.0,4.6065772444543364e-11
1049.0,2.4445162419826204e-11
1050.0,3.4893761021630733e-12
1051.0,2.7893901416082462e-11
1052.0,3.836444373530773e-12
1053.0,6.388354204641634e-10
1054.0,1.207143829867415e-10
1055.0,9.000042412043308e-10
1056.0,7.894728979186084e-11
1057.0,2.4886821159540375e-10
1058.0,2.5468230946796105e-09
1059.0,4.498100962668568e-11
1060.0,8.030205595746631e-10
1061.0,1.327943272649716e-10
1062.0,9.215668345615837e-13
1063.0,8.057200375602399e-12
1064.0,6.277727450744173e-10
1065.0,2.9512080812007414e-11
1066.0,1.6645173477920073e-12
1067.0,9.62764387864689e-09
1068.0,3.192744634319333e-11
1069.0,3.269398222528631e-11
1070.0,2.7416850296441942e-11
1071.0,3.2092655431983504e-11
1072.0,2.6769059554935297e-09
1073.0,1.2819871848693787e-09
1074.0,9.332042761205296e-10
1075.0,3.289599572278055e-11
1076.0,1.3240518243362285e-10
1077.0,3.160929118456532e-10
1078.0,2.007538336026965e-10
1079.0,2.4291362668063118e-11
1080.0,2.764172775043131e-11
1081.0,2.5981712445068047e-10
1082.0,6.875463392696381e-11
1083.0,7.00791337438252e-10
1084.0,2.8602825823265954e-12
1085.0,2.0227465485915445e-12
1086.0,1.0273752135426925e-09
1087.0,2.405257673441959e-10
1088.0,6.214233130775327e-10
1089.0,8.561694435070855e-10
1090.0,1.4168905247034128e-09
1091.0,1.7241306972205196e-09
1092.0,3.989996155749935e-08
1093.0,3.269027754361156e-09
1094.0,5.893182818585108e-10
1095.0,5.931207263091723e-11
1096.0,7.349450108035055e-12
1097.0,9.375863782924267e-11
1098.0,3.2219704762487994e-10
1099.0,3.051944491822837e-10
1100.0,2.205125796816837e-08
1101.0,3.663517805815514e-10
1102.0,3.819827178155383e-11
1103.0,2.9066352921636034e-12
1104.0,1.9160735499738755e-08
1105.0,7.881120410738934e-10
1106.0,2.2349765376609944e-10
1107.0,6.60353280528491e-11
1108.0,1.2913200659465141e-08
1109.0,4.478369797325984e-10
1110.0,2.9747407060173494e-08
1111.0,9.281606773025547e-11
1112.0,3.1069449004867134e-10
1113.0,1.729656718233134e-10
1114.0,1.0993958850909217e-09
1115.0,8.056913825190194e-10
1116.0,9.385569690342881e-11
1117.0,1.9260332731360908e-09
1118.0,2.0601764161986783e-10
1119.0,1.0021431094747457e-09
1120.0,2.9370046330278616e-08
1121.0,1.8287767611989472e-09
1122.0,2.324773744952634e-10
1123.0,3.8480339806774886e-09
1124.0,9.631503394198562e-09
1125.0,8.563573983335733e-10
1126.0,3.5049809355790803e-07
1127.0,1.0859164550025535e-08
1128.0,3.569922368444603e-10
1129.0,1.8824931063683125e-09
1130.0,1.8544828843618193e-08
1131.0,6.67642250913687e-10
1132.0,3.632326897210218e-10
1133.0,1.648251363169651e-10
1134.0,1.7879508352048433e-10
1135.0,3.814047309772822e-08
1136.0,1.9416209036921182e-09
1137.0,4.315036575289253e-08
1138.0,7.928211701973418e-09
1139.0,1.2418507582762319e-08
1140.0,8.728860282956452e-11
1141.0,1.646218422796973e-10
1142.0,6.639405609216273e-09
1143.0,1.8276127687299818e-10
1144.0,2.3473272065392556e-09
1145.0,8.947250523282063e-09
1146.0,1.5437021395390885e-09
1147.0,1.6553642886404248e-10
1148.0,1.5040274379009512e-07
1149.0,1.4075915675215738e-06
1150.0,1.6027053219143925e-09
1151.0,4.2239272384030686e-07
1152.0,6.643944102035872e-09
1153.0,1.4092816874710652e-07
1154.0,2.5565548515857186e-09
1155.0,1.7252492207985518e-08
1156.0,2.2742841826296164e-09
1157.0,1.0512553819862203e-09
1158.0,1.5068554808117709e-09
1159.0,8.414549873624863e-10
1160.0,8.072917999673817e-09
1161.0,2.3063973204924612e-08
1162.0,4.0562164473922755e-07
1163.0,5.960134566497494e-10
1164.0,1.7825668381241003e-10
1165.0,4.279465464054234e-07
1166.0,4.546497981321454e-09
1167.0,1.558838805371014e-06
1168.0,7.64344713618855e-09
1169.0,4.0691622121646435e-08
1170.0,3.865690843229205e-08
1171.0,5.142684671827901e-07
1172.0,4.048746060504111e-09
1173.0,6.205401699063206e-08
1174.0,5.2633976207059345e-09
1175.0,3.224313839851733e-10
1176.0,7.157524097171258e-09
1177.0,4.389346988859258e-10
1178.0,5.2869060808908816e-08
1179.0,2.681695854744761e-09
1180.0,1.9425714661701986e-08
1181.0,1.1308697832435544e-06
1182.0,9.06825318111959e-08
1183.0,4.3825315861293037e-07
1184.0,1.4334463177093536e-08
1185.0,1.6551864464990188e-07
1186.0,5.678681714124378e-07
1187.0,3.231495827002943e-09
1188.0,2.4757098073380738e-09
1189.0,1.9548383179209465e-05
1190.0,5.073340480233893e-07
1191.0,4.663256308189786e-06
1192.0,4.4410995519004007e-07
1193.0,1.2457180516024865e-07
1194.0,8.12049756036771e-09
1195.0,9.062439962807526e-07
1196.0,6.630237125823314e-08
1197.0,5.115869765977743e-07
1198.0,7.001099897518534e-09
1199.0,6.601520335890218e-05
1200.0,7.041021942139481e-08
1201.0,3.6965430085273995e-07
1202.0,7.1933081928987265e-09
1203.0,5.498708551216273e-07
1204.0,1.729372979596741e-06
1205.0,3.08683206246542e-08
1206.0,1.6931696415234203e-07
1207.0,1.1717672457956206e-09
1208.0,1.5536353147877485e-07
1209.0,2.0034046794459588e-08
1210.0,6.65522831442074e-05
1211.0,1.282926792695086e-07
1212.0,0.0001703635225731528
1213.0,1.209302557813414e-07
1214.0,4.9026928549319226e-08
1215.0,7.01998243575194e-09
1216.0,7.027342510588147e-07
1217.0,1.1302932264036905e-07
1218.0,4.891225165468348e-05
1219.0,1.6410795059934875e-08
1220.0,4.333896490463017e-07
1221.0,1.3205255491721386e-06
1222.0,1.63508250701521e-06
1223.0,3.7775163303782717e-07
1224.0,0.00014185987456220788
1225.0,6.451435106105331e-08
1226.0,1.3541562534853667e-06
1227.0,1.005557793442114e-07
1228.0,5.811991687668237e-08
1229.0,7.164350447147192e-07
1230.0,0.0004274736511283306
1231.0,1.3800502001115343e-07
1232.0,8.136953628379987e-09
1233.0,5.724135086680568e-07
1234.0,1.3094256161526425e-07
1235.0,1.6143072355888533e-08
1236.0,0.0002894446229746177
1237.0,9.023119196889435e-05
1238.0,3.888190282898721e-05
1239.0,2.7229187313884568e-08
1240.0,1.176161070557826e-06
1241.0,0.0012919717521958861
1242.0,9.681511914783806e-06
1243.0,3.917796836857301e-07
1244.0,8.095523882377131e-08
1245.0,2.499359938655079e-06
1246.0,1.3001659484901735e-06
1247.0,4.871214402353391e-07
1248.0,7.861245012607233e-06
1249.0,5.62987779416351e-09
1250.0,0.0014056029498466219
1251.0,3.5074508410582887e-06
1252.0,1.513154839286029e-07
1253.0,1.0337862448074914e-07
1254.0,4.011862074822983e-06
1255.0,0.0025561337689770877
1256.0,1.0976342800532792e-07
1257.0,9.151030137143734e-08
1258.0,1.0065001807031366e-08
1259.0,8.263023832105255e-06
1260.0,1.122831262911736e-05
1261.0,3.681888507962893e-06
1262.0,2.6333931085673995e-06
1263.0,7.520666666041507e-07
1264.0,1.3352435481042822e-07
1265.0,5.940312760608947e-08
1266.0,2.9356383558111618e-08
1267.0,1.3341157102840873e-07
1268.0,8.762823160594182e-06
1269.0,0.0002776520992708739
1270.0,4.800200705820471e-07
1271.0,5.963444477332794e-06
1272.0,1.0282340396855807e-06
1273.0,1.566253776135447e-08
1274.0,3.618735121213831e-08
1275.0,0.00010677836899858519
1276.0,1.2072089591786963e-06
1277.0,8.194347401429424e-06
1278.0,7.230449959867112e-07
1279.0,2.4843472655267153e-07
1280.0,6.468512047210372e-08
1281.0,1.5658501501392051e-06
1282.0,5.20599448819254e-07
1283.0,0.0006484679059570484
1284.0,1.8523921557906128e-07
1285.0,1.2609695877722556e-06
1286.0,2.965069075501864e-07
1287.0,3.141877418740075e-07
1288.0,7.87034178956033e-06
1289.0,6.961627423803992e-05
1290.0,4.31841649085928e-06
1291.0,6.521506319668135e-07
1292.0,1.908868088087965e-06
1293.0,1.9996264571639975e-06
1294.0,9.159751545278149e-06
1295.0,1.8100273449800994e-06
1296.0,1.738346609822858e-06
1297.0,3.954886205915768e-07
1298.0,5.665684913292253e-06
1299.0,3.51977474826365e-06
1300.0,2.188350611653093e-05
1301.0,1.689560812397828e-07
1302.0,0.0003348777803784393
1303.0,5.508222722828044e-05
1304.0,7.713652415252518e-05
1305.0,0.004352255586707817
1306.0,0.0013011278546817507
1307.0,3.939826457746918e-07
1308.0,3.464255297989883e-09
1309.0,5.8355446449061815e-08
1310.0,4.5419580112145797e-10
1311.0,1.3498992144336991e-08
1312.0,4.577527830505993e-08
1313.0,5.249015921517854e-09
1314.0,4.934503957415467e-07
1315.0,6.194720192773643e-08
1316.0,9.58931221754926e-10
1317.0,7.077559280885241e-06
1318.0,1.8202519012532666e-08
1319.0,1.7813740334083177e-06
1320.0,7.761770560468335e-08
1321.0,2.1539123868009756e-08
1322.0,4.395503169559167e-05
1323.0,4.7229362633533754e-06
1324.0,1.9028592109336528e-07
1325.0,6.673691946009131e-07
1326.0,9.84741708635217e-09
1327.0,8.512077840455912e-05
1328.0,8.86408411049137e-06
1329.0,5.969011666174144e-08
1330.0,1.029247956070887e-07
1331.0,6.361700668408178e-08
1332.0,3.914994413641002e-05
1333.0,5.837394742767596e-06
1334.0,2.1306829085392944e-07
1335.0,6.900501481924758e-06
1336.0,1.9656609407687135e-07
1337.0,0.00019700761800610424
1338.0,8.169173375645626e-06
1339.0,4.4269260996408664e-08
1340.0,1.074958378521313e-07
1341.0,1.7799293137929155e-07
1342.0,0.00013344629759353226
1343.0,5.626899052314553e-05
1344.0,8.651411076867759e-07
1345.0,2.5644780754629314e-07
1346.0,2.6484641392944306e-07
1347.0,9.005801618736836e-05
1348.0,0.00011576464313452609
1349.0,6.0474752767947285e-06
1350.0,8.315701879872575e-08
1351.0,0.00012872649543233287
1352.0,3.3227174747648954e-06
1353.0,0.00013087161459014694
1354.0,4.634988980744448e-07
1355.0,6.125304352149031e-08
1356.0,4.519072820110432e-05
1357.0,3.229979421046843e-07
1358.0,8.952791621148736e-06
1359.0,3.920234106927653e-08
1360.0,0.001539489590781867
1361.0,1.8578973420825395e-06
1362.0,3.4669196249693736e-07
1363.0,6.566173048304972e-06
1364.0,9.214163588216136e-07
1365.0,1.915108758961235e-06
1366.0,2.495825087952511e-05
1367.0,2.81308142536024e-08
1368.0,1.6854318766768124e-06
1369.0,1.0156255733868182e-05
1370.0,5.5213497279574754e-08
1371.0,7.924434347117636e-07
1372.0,8.623709784095756e-08
1373.0,1.4309873451171853e-05
1374.0,3.053051713732501e-05
1375.0,3.495547723379559e-09
1376.0,9.765536046037574e-08
1377.0,6.94224565014849e-05
1378.0,1.8047086805250406e-06
1379.0,2.299202624419581e-07
1380.0,1.2509995497369176e-07
1381.0,2.171581775939497e-07
1382.0,8.986763884492896e-08
1383.0,1.356374685795266e-05
1384.0,8.399973593979451e-09
1385.0,2.884157088898805e-06
1386.0,1.1542451881043913e-07
1387.0,2.2322107632112946e-08
1388.0,2.0021053434542785e-05
1389.0,1.2360982899321704e-08
1390.0,3.977324528571137e-08
1391.0,1.8688057547207078e-06
1392.0,6.007807490904148e-08
1393.0,2.0636794317008063e-07
1394.0,3.6628788165974884e-08
1395.0,1.2358289425004661e-08
1396.0,1.7067290557886074e-07
1397.0,6.487954509537607e-07
1398.0,6.533565079841002e-07
1399.0,4.851478071374946e-08
1400.0,5.698845364127988e-08
1401.0,1.9838822425928283e-08
1402.0,8.541544698062392e-09
1403.0,1.623351418736698e-08
1404.0,8.094498209080563e-07
1405.0,1.522619952922329e-07
1406.0,7.155472824054455e-08
1407.0,1.7626283700426737e-08
1408.0,2.1695276784729295e-08
1409.0,1.3474100060939288e-07
1410.0,1.9356359280029738e-07
1411.0,1.924472396733446e-07
1412.0,1.3772507476226144e-06
1413.0,7.985189677286053e-07
1414.0,2.183271194643692e-08
1415.0,5.833952851916062e-07
1416.0,4.2652284979646895e-08
1417.0,2.8055520114131528e-08
1418.0,6.860164197652271e-09
1419.0,2.3870966667623193e-07
1420.0,5.356723323166462e-09
1421.0,8.715040432283964e-07
1422.0,6.096125342830538e-09
1423.0,3.1641832487494886e-07
1424.0,2.1076043482657164e-08
1425.0,1.5718188625235107e-09
1426.0,4.4801492630632997e-07
1427.0,1.0226183978411118e-08
1428.0,2.458383433730308e-09
1429.0,1.8653996975912524e-07
1430.0,5.463852358397839e-09
1431.0,4.2689722470053716e-09
1432.0,1.86774823861815e-09
1433.0,2.0412617944771652e-07
1434.0,1.4038156216556267e-07
1435.0,5.950299806233092e-08
1436.0,1.348529660027872e-07
1437.0,6.939443795555064e-09
1438.0,2.4119044318066696e-07
1439.0,3.2344597478580468e-09
1440.0,6.682878161361987e-09
1441.0,1.0581146292253661e-06
1442.0,3.63330574631985e-09
1443.0,1.5281383372202486e-08
1444.0,3.7667278078703145e-06
1445.0,8.830309249810374e-09
1446.0,1.4625547466900136e-08
1447.0,1.0354317449822503e-08
1448.0,6.402664561003194e-07
1449.0,8.023780069268677e-07
1450.0,9.571178978011348e-10
1451.0,1.928008670093642e-08
1452.0,6.815371987273598e-09
1453.0,5.563727983562471e-06
1454.0,3.9876230367524876e-08
1455.0,2.033036355127129e-08
1456.0,2.264144078304231e-06
1457.0,2.4458078839681655e-07
1458.0,4.488256907347119e-09
1459.0,8.503593471446899e-09
1460.0,6.15460191542365e-08
1461.0,1.1124517957352421e-08
1462.0,2.366943974492966e-08
1463.0,8.080455266078411e-07
1464.0,3.3582166303403075e-08
1465.0,5.079652051755624e-09
1466.0,1.521497931199805e-05
1467.0,2.1835528837051914e-07
1468.0,6.704818712906877e-09
1469.0,7.0913629896399015e-09
1470.0,1.6973368008905655e-09
1471.0,1.652583225499562e-08
1472.0,2.7740065756919544e-08
1473.0,4.012352011733966e-08
1474.0,3.884841232801516e-09
1475.0,6.695403857321427e-08
1476.0,3.756093976208086e-09
1477.0,8.573239911847493e-08
1478.0,2.7507061173127763e-08
1479.0,2.7161637743588243e-08
1480.0,2.8938938388061907e-08
1481.0,3.014090922676763e-08
1482.0,8.388158387858557e-09
1483.0,3.998385057788075e-08
1484.0,1.0241852056529181e-07
1485.0,1.3704867003265863e-08
1486.0,3.422458142094822e-08
1487.0,2.7502621737765923e-09
1488.0,9.263302731131805e-08
1489.0,3.587419179008208e-08
1490.0,4.310514984874622e-09
1491.0,4.476850649722918e-08
1492.0,7.41556847732818e-07
1493.0,7.616261043107242e-08
1494.0,6.736578742639074e-09
1495.0,2.2447393384155232e-08
1496.0,3.1499383859652293e-09
1497.0,1.1851572518269985e-08
1498.0,1.1162266069962574e-09
1499.0,9.082471065486078e-10
1500.0,1.2250456217218033e-09
1501.0,1.184383940183708e-08
1502.0,3.0454952131002285e-09
1503.0,3.9891323728279984e-08
1504.0,1.2764558810962198e-08
1505.0,5.9558910007768795e-09
1506.0,4.91561111466465e-10
1507.0,1.1094008571365078e-10
1508.0,1.1877587833687844e-09
1509.0,9.03332273056839e-11
1510.0,5.271223615866379e-10
1511.0,6.755998154049505e-07
1512.0,2.433287069193556e-08
1513.0,4.16303735056518e-07
1514.0,7.015974824819828e-10
1515.0,4.14580122817753e-10
1516.0,2.8219378993282457e-10
1517.0,5.6342583572764375e-11
1518.0,9.880132007389374e-09
1519.0,3.9630985775357026e-11
1520.0,2.0674340541947215e-10
1521.0,7.383712253397226e-11
1522.0,1.0084801126039328e-09
1523.0,2.9514701403230233e-09
1524.0,1.1878750094686752e-07
1525.0,1.03014091910068e-08
1526.0,2.5665172561890645e-08
1527.0,2.0542398134757305e-08
1528.0,4.5033077252286724e-08
1529.0,5.604064822211861e-09
1530.0,4.379613166975696e-09
1531.0,8.358985870688485e-09
1532.0,2.1139926285340934e-08
1533.0,6.624523231954792e-08
1534.0,1.952051839800689e-07
1535.0,6.423440143885457e-07
1536.0,3.0149432759969113e-06
1537.0,8.613594043902204e-08
1538.0,2.7089430874961566e-07
1539.0,4.137155482937758e-07
1540.0,3.137043315256602e-07
1541.0,5.834988692797582e-07
1542.0,1.2015011854131518e-07
1543.0,7.657270945557549e-07
1544.0,1.250337764236598e-06
1545.0,1.1502852229613891e-08
1546.0,4.884171160665752e-07
1547.0,4.8468100073556486e-08
1548.0,8.911317264544583e-06
1549.0,7.269592642815692e-08
1550.0,6.977175704788251e-08
1551.0,3.398543229569188e-07
1552.0,6.364761404277173e-09
1553.0,2.0638491674758794e-08
1554.0,1.1868340612916324e-06
1555.0,1.3854924228667378e-07
1556.0,9.92524725613769e-09
1557.0,3.2514238748454185e-07
1558.0,1.0097978431109666e-07
1559.0,1.8569389536436118e-09
1560.0,7.119923923122113e-06
1561.0,1.671697497529207e-08
1562.0,7.594214795194562e-08
1563.0,7.829034188141533e-10
1564.0,1.1111392300655427e-08
1565.0,3.0127278247086868e-09
1566.0,1.4601131482586382e-08
1567.0,7.716105570379945e-08
1568.0,5.516446860833068e-09
1569.0,1.1625774064262965e-08
1570.0,2.184077654952244e-08
1571.0,9.48115084248286e-07
1572.0,1.213053553623934e-08
1573.0,1.2748352450243213e-09
1574.0,4.291434090457976e-09
1575.0,2.4138965316791097e-08
1576.0,2.1895085843947364e-08
1577.0,5.499174140495094e-06
1578.0,3.9811423716234276e-08
1579.0,1.3848750853014233e-08
1580.0,2.4494070178825025e-09
1581.0,7.1725985687894856e-09
1582.0,2.1275080640914093e-09
1583.0,1.1247620906618034e-09
1584.0,7.514878790905312e-09
1585.0,9.555079638901701e-09
1586.0,2.829416802736933e-10
1587.0,1.4811844135917213e-07
1588.0,5.834057572225319e-07
1589.0,1.2837698582152821e-08
1590.0,4.0065248057021055e-08
1591.0,2.118426401405752e-07
1592.0,1.5718085630679215e-09
1593.0,1.5339256898296115e-09
1594.0,6.7862341560771435e-09
1595.0,4.020780194162797e-08
1596.0,4.365054467502204e-09
1597.0,9.57387954471875e-10
1598.0,1.3306454020738397e-08
1599.0,7.238673278472482e-06
1600.0,1.876811028715944e-07
1601.0,7.705958217927267e-10
1602.0,1.0525593211850898e-06
1603.0,4.159743776440963e-09
1604.0,3.947538788008822e-10
1605.0,1.4396161926686085e-07
1606.0,1.880742288796066e-08
1607.0,9.428683582224594e-10
1608.0,9.372400659342397e-09
1609.0,1.9023085655810963e-08
1610.0,3.1620244841110286e-07
1611.0,6.019830618492862e-07
1612.0,9.735915811621848e-10
1613.0,2.4198950637049922e-09
1614.0,6.428165245194183e-07
1615.0,2.6450667169899664e-09
1616.0,6.315791429444456e-09
1617.0,1.7103454893802643e-09
1618.0,2.3147542933394762e-08
1619.0,8.051608211497876e-09
1620.0,2.2171386735021037e-08
1621.0,2.832819168484611e-06
1622.0,3.6544789920662722e-06
1623.0,6.145144071125827e-10
1624.0,3.549320380927203e-09
1625.0,3.0635515902321707e-09
1626.0,4.690415995442289e-10
1627.0,1.105498135735265e-08
1628.0,4.618263175337893e-10
1629.0,2.5476455287728165e-09
1630.0,2.9416897363939627e-10
1631.0,9.59514080671049e-10
1632.0,6.186395195623177e-08
1633.0,4.6382183762135775e-08
1634.0,1.4390667992260742e-09
1635.0,1.1889930914493616e-09
1636.0,3.582042375379466e-09
1637.0,4.4044356371520766e-10
1638.0,6.643075976278584e-10
1639.0,7.298354269226926e-10
1640.0,1.005752276668279e-08
1641.0,9.336347950171298e-09
1642.0,9.260192789769928e-10
1643.0,1.1648838303460555e-08
1644.0,6.439645560284898e-09
1645.0,2.4805220702755463e-05
1646.0,3.7145817131120745e-08
1647.0,5.80866995770967e-09
1648.0,2.8565244613968996e-09
1649.0,4.975443356787705e-09
1650.0,1.250337222095446e-08
1651.0,5.822228162329339e-10
1652.0,3.2921863865671775e-09
1653.0,4.118120059873447e-09
1654.0,3.2052628963708057e-09
1655.0,1.1425523025447741e-08
1656.0,3.122470935531842e-07
1657.0,1.26623990257694e-09
1658.0,9.677988595715726e-10
1659.0,4.299297230292022e-09
1660.0,3.4634617026326777e-09
1661.0,1.695386484080613e-09
1662.0,1.2094562369829994e-09
1663.0,3.372706721856637e-08
1664.0,6.371126199912424e-09
1665.0,6.486163860772705e-08
1666.0,5.490881291791981e-08
1667.0,1.2423671855617549e-08
1668.0,1.3882824956398292e-07
1669.0,2.8431592199463207e-09
1670.0,1.1547048520101149e-08
1671.0,8.923889287796856e-09
1672.0,8.41602048106491e-10
1673.0,2.7261154000564724e-08
1674.0,1.9641655714456817e-08
1675.0,1.781403746041995e-07
1676.0,2.0694215686691678e-10
1677.0,8.452911006465807e-08
1678.0,6.802480193266904e-07
1679.0,2.0858378168503927e-06
1680.0,1.5101939945707026e-09
1681.0,7.907093498146681e-09
1682.0,2.904420299169679e-09
1683.0,2.5787785707631123e-09
1684.0,2.218013380913081e-09
1685.0,2.9397608399583525e-08
1686.0,1.0613924489112736e-07
1687.0,1.2232205756391612e-09
1688.0,5.097257689359483e-07
1689.0,1.4865422049499702e-08
1690.0,7.892461380740623e-09
1691.0,1.4163570982252904e-08
1692.0,1.2042479664221357e-08
1693.0,3.630667525055845e-09
1694.0,8.380371794664792e-10
1695.0,9.774021688500559e-10
1696.0,6.914575017220828e-08
1697.0,9.671757853546664e-10
1698.0,4.533763267578346e-10
1699.0,3.3530549349335566e-09
1700.0,4.6969657092114234e-08
1701.0,2.5127707032321518e-08
1702.0,1.1172048664694197e-08
1703.0,2.077367678924534e-09
1704.0,1.2161185106834153e-08
1705.0,4.440504386781433e-09
1706.0,1.4549019989512586e-07
1707.0,2.8278271062361933e-09
1708.0,2.5378187363041128e-08
1709.0,2.4980459072541682e-08
1710.0,6.867984312807265e-09
1711.0,2.5196754692491353e-10
1712.0,2.1373617743663655e-07
1713.0,4.9207554719221305e-09
1714.0,3.0462909007008516e-08
1715.0,1.1369112219007862e-07
1716.0,2.3062410118541768e-08
1717.0,4.75404625541101e-09
1718.0,4.5849390747778054e-09
1719.0,1.953844139185131e-08
1720.0,7.326493120706598e-09
1721.0,1.1037093325942121e-09
1722.0,4.495863817185278e-07
1723.0,3.796622029468633e-08
1724.0,1.000702909182455e-07
1725.0,8.071540379224973e-08
1726.0,8.041608345445362e-09
1727.0,5.387314644630855e-10
1728.0,1.8604916954643037e-08
1729.0,4.0041210855054807e-10
1730.0,1.6736732062634215e-08
1731.0,7.223105464877104e-10
1732.0,1.3455630072888734e-09
1733.0,5.758090147114368e-09
1734.0,3.920551141249713e-08
1735.0,1.0199731477671073e-07
1736.0,3.080733491276718e-09
1737.0,5.041835391284761e-09
1738.0,1.0640685914983164e-09
1739.0,3.52357993388264e-09
1740.0,5.781953393782381e-09
1741.0,9.649167299827648e-08
1742.0,5.507066763839634e-10
1743.0,7.127485968721352e-09
1744.0,1.691448160776369e-08
1745.0,3.4184926115337073e-10
1746.0,2.381093838568095e-08
1747.0,1.4515127654904933e-08
1748.0,3.714605813942645e-09
1749.0,2.561894155636325e-09
1750.0,2.0233808008480983e-09
1751.0,5.197612949830827e-09
1752.0,1.8003561099410625e-08
1753.0,3.830587604150555e-09
1754.0,2.0846474452672996e-09
1755.0,1.5414331598678647e-08
1756.0,4.578837445077855e-09
1757.0,3.0701324271567755e-10
1758.0,8.473249565530958e-08
1759.0,8.598339089417973e-10
1760.0,2.2373157613128295e-08
1761.0,2.2291923232882396e-09
1762.0,1.0953976449463785e-08
1763.0,1.4081342498203157e-08
1764.0,5.7910100502872784e-09
1765.0,3.804009178080514e-09
1766.0,7.078583704826289e-09
1767.0,3.419645651850923e-09
1768.0,5.626852704987212e-08
1769.0,2.2282641888349725e-08
1770.0,8.213525212741438e-08
1771.0,4.913275296392225e-08
1772.0,4.1010104235855076e-07
1773.0,7.596463796945434e-10
1774.0,2.301471000258864e-09
1775.0,8.07368101563289e-10
1776.0,8.640900830525788e-10
1777.0,1.3916439683524277e-09
1778.0,1.0076698821683818e-08
1779.0,7.504151366072756e-09
1780.0,8.483344971501537e-10
1781.0,3.755042965070506e-09
1782.0,2.804484604175307e-08
1783.0,4.462126510658652e-08
1784.0,3.945373658431433e-09
1785.0,1.058003613522615e-09
1786.0,6.602849046206553e-11
1787.0,3.575999479276792e-08
1788.0,8.575850132665351e-07
1789.0,2.0627385014074402e-08
1790.0,9.9737954601583e-09
1791.0,2.485791373693763e-10
1792.0,4.1530073442912825e-10
1793.0,1.1617030421178222e-07
1794.0,1.1678441083757164e-09
1795.0,3.733040664734386e-10
1796.0,9.78765548525388e-10
1797.0,1.9468586604663202e-08
1798.0,1.7297154098544695e-10
1799.0,4.5734293125652306e-07
1800.0,2.374101018502048e-09
1801.0,5.299013703401145e-10
1802.0,2.5617400491417185e-10
1803.0,4.578202717725361e-09
1804.0,1.5997065982552363e-07
1805.0,1.469371974047703e-09
1806.0,2.0131956068028643e-09
1807.0,5.597147595467894e-10
1808.0,1.7561137888544357e-09
1809.0,2.793004937944304e-10
1810.0,4.5428106772239456e-09
1811.0,4.800822073155458e-10
1812.0,7.047329510795572e-10
1813.0,3.4663716817784377e-11
1814.0,1.3494450523631828e-08
1815.0,2.857351173136691e-09
1816.0,6.890752382993205e-09
1817.0,1.3703685645024209e-09
1818.0,1.943235671243695e-09
1819.0,1.832157172370109e-09
1820.0,4.1887088515762006e-08
1821.0,1.452175467687925e-10
1822.0,6.661248067736977e-10
1823.0,3.1286844693541603e-10
1824.0,6.262044731089271e-09
1825.0,2.891346170690339e-09
1826.0,8.088255296001751e-10
1827.0,4.325417805607425e-09
1828.0,5.563638978620426e-11
1829.0,2.114460104173388e-09
1830.0,2.1527960452674908e-08
1831.0,1.6730566945576407e-07
1832.0,1.4749372300274485e-09
1833.0,2.0813236953882885e-09
1834.0,5.35454151042789e-12
1835.0,5.247049336168607e-10
1836.0,1.1090304936091849e-06
1837.0,3.8120502353110956e-10
1838.0,3.761988344283759e-09
1839.0,8.006632184113082e-09
1840.0,1.396874679091513e-10
1841.0,8.260133539848596e-09
1842.0,9.231816182009104e-11
1843.0,2.2508812230189826e-10
1844.0,9.242085080685148e-08
1845.0,4.266603745262759e-10
1846.0,3.1750987179892617e-09
1847.0,2.67890255310479e-09
1848.0,1.699663423146517e-10
1849.0,2.1932640149834437e-09
1850.0,8.916253838501042e-11
1851.0,4.3282735633849506e-09
1852.0,6.48078813506836e-08
1853.0,7.82314218068723e-11
1854.0,1.8293344548472575e-11
1855.0,5.587642913286391e-11
1856.0,2.775732068069231e-10
1857.0,6.348357009267307e-09
1858.0,1.6738143674408745e-09
1859.0,6.206045879936572e-10
1860.0,1.0225508343665267e-12
1861.0,5.944183184105361e-10
1862.0,3.8569752617618335e-12
1863.0,7.758745042706306e-10
1864.0,7.844787539341329e-12
1865.0,1.8264455048941826e-13
1866.0,7.844213662453543e-10
1867.0,7.723412267778293e-12
1868.0,6.293731515082386e-09
1869.0,2.2633616092380067e-12
1870.0,5.66747171068916e-10
1871.0,6.531511501882233e-10
1872.0,1.4821523732996068e-10
1873.0,1.6995067016366856e-11
1874.0,3.1180291690611984e-11
1875.0,1.028910157951795e-11
1876.0,1.1835030997061042e-09
1877.0,6.807262491939393e-11
1878.0,4.927917218619185e-11
1879.0,6.4947496656636554e-12
1880.0,0.0
1881.0,5.470062316612707e-15
1882.0,9.774696728051517e-11
1883.0,4.2241522259917755e-10
1884.0,4.270728154610741e-09
1885.0,2.4664924545578445e-10
1886.0,1.7823968734536814e-09
1887.0,1.4340134324759377e-10
1888.0,1.423545371399027e-10
1889.0,1.9924385098475927e-12
1890.0,5.862630571573976e-12
1891.0,6.754274605445701e-11
1892.0,2.2195877032580482e-11
1893.0,3.165704767869881e-11
1894.0,2.8993830814083458e-12
1895.0,6.387964872618439e-14
1896.0,1.8720948740770025e-12
1897.0,4.2259144765542746e-15
1898.0,7.506745548692725e-14
1899.0,4.1679851398987976e-10
1900.0,2.1176516550023763e-10
1901.0,1.1339248791298164e-11
1902.0,0.0
1903.0,1.7473733510628017e-14
1904.0,4.170242972978945e-12
1905.0,3.77516731949995e-13
1906.0,3.37018829184814e-12
1907.0,2.4655507915826145e-10
1908.0,9.691329199151066e-12
1909.0,1.7765071818695602e-10
1910.0,2.855702539131514e-13
1911.0,8.569171786533576e-14
1912.0,0.0
1913.0,0.0
1914.0,6.436813588795451e-09
1915.0,2.2459854506708592e-12
1916.0,1.6150090810400594e-12
1917.0,1.738691343724638e-13
1918.0,1.41612626080607e-12
1919.0,5.162258598865849e-12
1920.0,4.974228896171944e-14
1921.0,0.0
1922.0,2.214089752356448e-14
1923.0,4.946067239670439e-10
1924.0,0.0
1925.0,2.1293257561481277e-13
1926.0,2.401323207391563e-13
1927.0,3.876206560688066e-10
1928.0,1.743438802770594e-14
1929.0,0.0
1930.0,5.457999399831183e-12
1931.0,0.0
1932.0,0.0
1933.0,4.174762916759009e-14
1934.0,9.214885148591741e-16
1935.0,1.0979523724883928e-12
1936.0,4.680688184897673e-13
1937.0,0.0
1938.0,0.0
1939.0,0.0
1940.0,5.714447734773511e-12
1941.0,9.960007022314189e-12
1942.0,5.992635808518932e-13
1943.0,1.3385534319004453e-13
1944.0,0.0
1945.0,1.261347135484169e-11
1946.0,0.0
1947.0,0.0
1948.0,0.0
1949.0,0.0
1950.0,0.0
1951.0,0.0
1952.0,7.307130702032113e-16
1953.0,0.0
1954.0,2.6794480853548977e-12
1955.0,4.823058381855427e-11
1956.0,2.9306141734696607e-12
1957.0,2.7455082992286156e-13
1958.0,2.2973751394256398e-15
1959.0,2.071469574979326e-12
1960.0,1.142856755567937e-13
1961.0,1.2783015198824349e-12
1962.0,6.530782215262828e-12
1963.0,1.3324882253839454e-11
1964.0,7.76001130881947e-11
1965.0,0.0
1966.0,0.0
1967.0,0.0
1968.0,0.0
1969.0,7.494496286014268e-12
1970.0,0.0
1971.0,0.0
1972.0,0.0
1973.0,0.0
1974.0,2.305316618350105e-12
1975.0,0.0
1976.0,1.4249453429765465e-13
1977.0,0.0
1978.0,0.0
1979.0,0.0
1980.0,0.0
1981.0,0.0
1982.0,0.0
1983.0,2.187951688642669e-15
1984.0,5.93360185297883e-15
1985.0,1.3740119383228115e-13
1986.0,2.1528556038791736e-11
1987.0,2.3099285991839426e-14
1988.0,0.0
1989.0,0.0
1990.0,0.0
1991.0,0.0
1992.0,0.0
1993.0,0.0
1994.0,0.0
1995.0,0.0
1996.0,0.0
1997.0,0.0
1998.0,0.0
1999.0,0.0
2000.0,0.0
2001.0,0.0
2002.0,0.0
2003.0,0.0
2004.0,0.0
2005.0,0.0
2006.0,0.0
2007.0,0.0
2008.0,0.0
2009.0,0.0
2010.0,0.0
2011.0,0.0
2012.0,0.0
2013.0,0.0
2014.0,0.0
2015.0,0.0
2016.0,0.0
2017.0,0.0
2018.0,0.0
2019.0,0.0
2020.0,0.0
2021.0,0.0
2022.0,0.0
2023.0,0.0
2024.0,0.0
2025.0,0.0
2026.0,0.0
2027.0,0.0
2028.0,0.0
2029.0,0.0
2030.0,0.0
2031.0,0.0
2032.0,0.0
2033.0,0.0
2034.0,0.0
2035.0,0.0
2036.0,0.0
2037.0,0.0
2038.0,0.0
2039.0,0.0
2040.0,0.0
2041.0,0.0
2042.0,0.0
2043.0,0.0
2044.0,0.0
2045.0,0.0
2046.0,0.0
2047.0,0.0
2048.0,0.0
2049.0,0.0
2050.0,0.0
2051.0,0.0
2052.0,0.0
2053.0,0.0
2054.0,0.0
2055.0,0.0
2056.0,0.0
2057.0,0.0
2058.0,0.0
2059.0,0.0
2060.0,0.0
2061.0,0.0
2062.0,0.0
2063.0,0.0
2064.0,0.0
2065.0,0.0
2066.0,0.0
2067.0,0.0
2068.0,0.0
2069.0,0.0
2070.0,0.0
2071.0,0.0
2072.0,0.0
2073.0,0.0
2074.0,0.0
2075.0,0.0
2076.0,0.0
2077.0,0.0
2078.0,0.0
2079.0,0.0
2080.0,0.0
2081.0,0.0
2082.0,0.0
2083.0,0.0
2084.0,0.0
2085.0,0.0
2086.0,0.0
2087.0,0.0
2088.0,0.0
2089.0,0.0
2090.0,0.0
2091.0,0.0
2092.0,0.0
2093.0,0.0
2094.0,0.0
2095.0,0.0
2096.0,0.0
2097.0,0.0
2098.0,1.1622577213357873e-10
2099.0,1.1255350058247372e-14
2100.0,1.5454243228271104e-13
2101.0,4.681916881239003e-13
2102.0,9.314535646608511e-15
2103.0,0.0
2104.0,0.0
2105.0,0.0
2106.0,2.6553355031035056e-14
2107.0,3.1602823495901547e-13
2108.0,0.0
2109.0,0.0
2110.0,0.0
2111.0,0.0
2112.0,3.012446419147893e-13
2113.0,0.0
2114.0,0.0
2115.0,0.0
2116.0,0.0
2117.0,0.0
2118.0,0.0
2119.0,0.0
2120.0,4.412616803522627e-13
2121.0,1.8169952586135684e-12
2122.0,7.722646734963061e-13
2123.0,8.721871766261927e-13
2124.0,5.6380962230288525e-15
2125.0,6.895939013390488e-14
2126.0,5.080344231411676e-14
2127.0,2.662295064097847e-13
2128.0,0.0
2129.0,0.0
2130.0,9.007279445982732e-15
2131.0,0.0
2132.0,0.0
2133.0,4.772510021079549e-13
2134.0,0.0
2135.0,0.0
2136.0,0.0
2137.0,0.0
2138.0,0.0
2139.0,0.0
2140.0,0.0
2141.0,6.253314627771689e-12
2142.0,0.0
2143.0,2.2497167924165124e-12
2144.0,3.144144869572939e-12
2145.0,1.4872839665484226e-12
2146.0,5.245000936889793e-13
2147.0,5.196173652373235e-15
2148.0,5.66769744911639e-14
2149.0,0.0
2150.0,0.0
2151.0,0.0
2152.0,1.1002710607846982e-14
2153.0,0.0
2154.0,0.0
2155.0,0.0
2156.0,0.0
2157.0,0.0
2158.0,0.0
2159.0,0.0
2160.0,0.0
2161.0,0.0
2162.0,0.0
2163.0,0.0
2164.0,0.0
2165.0,1.4066031996597978e-10
2166.0,2.4595331614405633e-12
2167.0,2.4416179840864864e-11
2168.0,9.246953734280002e-13
2169.0,1.5092862532729493e-12
2170.0,9.597862632852602e-12
2171.0,0.0
2172.0,3.929378456670186e-14
2173.0,6.519321063695099e-15
2174.0,0.0
2175.0,0.0
2176.0,0.0
2177.0,0.0
2178.0,0.0
2179.0,2.3138355323927905e-14
2180.0,0.0
2181.0,0.0
2182.0,0.0
2183.0,0.0
2184.0,0.0
2185.0,0.0
2186.0,4.1238347653103537e-13
2187.0,8.226620979699055e-14
2188.0,2.1749699069876573e-11
2189.0,2.0691300336346267e-11
2190.0,0.0
2191.0,8.175094176541216e-10
2192.0,0.0
2193.0,4.514738379602106e-12
2194.0,9.991051097157766e-12
2195.0,3.497236317281522e-11
2196.0,0.0
2197.0,0.0
2198.0,0.0
2199.0,0.0
2200.0,4.116673231532357e-12
2201.0,0.0
2202.0,0.0
2203.0,0.0
2204.0,0.0
2205.0,2.3942807316389667e-14
2206.0,0.0
2207.0,0.0
2208.0,9.264523829673629e-11
2209.0,4.0331513183184884e-11
2210.0,4.54477435688151e-11
2211.0,2.0871560937645206e-12
2212.0,6.915210352466215e-11
2213.0,0.0
2214.0,2.1422544249504036e-14
2215.0,7.244413805573178e-14
2216.0,6.789312468597415e-11
2217.0,3.679723838823731e-15
2218.0,0.0
2219.0,9.590212317001694e-13
2220.0,3.467083457392088e-15
2221.0,1.4766546323619698e-13
2222.0,8.818786673788424e-15
2223.0,7.841149187260567e-11
2224.0,0.0
2225.0,0.0
2226.0,3.386298026949565e-15
2227.0,1.6378887215235961e-13
2228.0,1.3679276729566236e-15
2229.0,0.0
2230.0,4.553435695452498e-10
2231.0,7.467668914292468e-13
2232.0,7.298085959993006e-10
2233.0,6.040159009851214e-12
2234.0,4.5173174055997065e-11
2235.0,0.0
2236.0,2.8233297669513106e-12
2237.0,7.496929264495792e-11
2238.0,2.018706118334081e-14
2239.0,0.0
2240.0,7.577599440788841e-13
2241.0,0.0
2242.0,9.170468145272895e-14
2243.0,1.2367935411892437e-13
2244.0,2.5356889994045318e-14
2245.0,6.057899841372869e-14
2246.0,4.742778369211895e-12
2247.0,6.610232394253178e-12
2248.0,0.0
2249.0,0.0
2250.0,0.0
2251.0,1.674233343804234e-14
2252.0,2.701161725780257e-10
2253.0,3.2807524946078365e-11
2254.0,3.871228252684112e-13
2255.0,1.0749876435624184e-09
2256.0,4.178713039667087e-14
2257.0,0.0
2258.0,2.5548584404545337e-11
2259.0,1.5880883560604146e-13
2260.0,0.0
2261.0,0.0
2262.0,0.0
2263.0,5.871432625010208e-13
2264.0,1.889919594866479e-10
2265.0,8.035547153081991e-12
2266.0,1.841335393378854e-11
2267.0,0.0
2268.0,2.8062991845667253e-15
2269.0,0.0
2270.0,8.327372978968734e-14
2271.0,1.6711577060262866e-09
2272.0,2.583250092311257e-13
2273.0,2.730712899118918e-14
2274.0,9.130295949264816e-10
2275.0,1.7473642475717316e-11
2276.0,2.1511700306241557e-11
2277.0,3.6579141076081137e-10
2278.0,2.66944906118827e-13
2279.0,5.987480434706559e-11
2280.0,2.616072045821971e-12
2281.0,2.692131834981385e-13
2282.0,3.3710859608591617e-12
2283.0,4.968736031018256e-13
2284.0,1.0921756280005118e-10
2285.0,1.8073544097321949e-07
2286.0,3.784051691401388e-13
2287.0,9.144452328748678e-13
2288.0,1.1033929222755507e-12
2289.0,1.1364188936292095e-11
2290.0,1.3057345504101949e-12
2291.0,3.9728564053920936e-12
2292.0,3.156164392170188e-13
2293.0,7.193066990367529e-12
2294.0,1.0012512667853316e-11
2295.0,0.0
2296.0,4.9690547823616764e-08
2297.0,3.3354696870949616e-07
2298.0,5.629621351917577e-11
2299.0,5.0157194803769896e-11
2300.0,6.99398048229807e-12
2301.0,3.991349567905163e-08
2302.0,3.5040549751431984e-11
2303.0,2.5034558133485064e-11
2304.0,4.039492111006047e-12
2305.0,2.421372738966799e-10
2306.0,1.5641574399473432e-09
2307.0,3.2086785104567447e-12
2308.0,1.456579749310132e-12
2309.0,1.4908124707977604e-13
2310.0,2.878709788194785e-15
2311.0,2.908730016491101e-12
2312.0,5.174670068720196e-11
2313.0,7.462013906214238e-15
2314.0,0.0
2315.0,1.0445182564814862e-14
2316.0,4.790418489140014e-12
2317.0,2.0323332474708948e-10
2318.0,1.7514626796975037e-11
2319.0,1.6526738965446508e-08
2320.0,2.840043965572842e-12
2321.0,4.176642211459174e-12
2322.0,2.656438357753508e-08
2323.0,4.228639529689657e-12
2324.0,2.0942894408202383e-10
2325.0,4.774360854461142e-13
2326.0,8.707278468235785e-12
2327.0,1.5357383922762054e-13
2328.0,4.174108024037735e-13
2329.0,6.32269611641794e-07
2330.0,3.4535018314419245e-09
2331.0,1.9305240896205262e-13
2332.0,0.0
2333.0,2.82293277940905e-13
2334.0,1.286997647674977e-11
2335.0,3.7613432754557764e-11
2336.0,5.697984577371068e-12
2337.0,1.4065959744755996e-13
2338.0,2.2941179435915758e-11
2339.0,1.935860794914479e-11
2340.0,1.578316223710682e-11
2341.0,9.643818045883472e-09
2342.0,1.8854600939936407e-11
2343.0,4.053285469926e-11
2344.0,1.627164469532969e-09
2345.0,3.837058554874958e-13
2346.0,7.118869963400076e-15
2347.0,1.5585866987256937e-11
2348.0,3.6264495304101403e-09
2349.0,2.078275229564801e-12
2350.0,2.97249329311114e-15
2351.0,0.0
2352.0,1.3199288785643208e-11
2353.0,7.294079189196862e-12
2354.0,5.4687641500572014e-11
2355.0,4.9021215187991037e-11
2356.0,4.749366678392486e-09
2357.0,2.69656547247595e-13
2358.0,2.5489426746213076e-10
2359.0,1.5177277902945331e-09
2360.0,1.040115290354024e-12
2361.0,1.7712359420628103e-10
2362.0,4.3155925305546963e-13
2363.0,2.3818728619580423e-08
2364.0,1.7935434604866672e-08
2365.0,2.893925577266531e-08
2366.0,2.6226236368193196e-09
2367.0,7.433440642980364e-09
2368.0,1.0339455069209695e-09
2369.0,3.2964779606597917e-10
2370.0,3.414412025456034e-13
2371.0,8.209585696016544e-10
2372.0,3.309421047395939e-10
2373.0,1.8759033086531938e-11
2374.0,0.0
2375.0,0.0
2376.0,0.0
2377.0,0.0
2378.0,1.3776848247937637e-08
2379.0,8.081926867057505e-10
2380.0,7.327088712423828e-12
2381.0,5.164412561895421e-10
2382.0,7.528958012848285e-10
2383.0,7.689739556660496e-11
2384.0,5.325091373874767e-09
2385.0,7.523721841553128e-08
2386.0,1.2737104083535244e-07
2387.0,1.328049812675614e-08
2388.0,3.81348422460173e-09
2389.0,2.754593503431309e-13
2390.0,5.49292302550352e-09
2391.0,1.396885484064292e-11
2392.0,1.1848786915290543e-11
2393.0,4.466230994044275e-13
2394.0,6.237658867914535e-11
2395.0,2.475772523585818e-11
2396.0,4.924149985806241e-08
2397.0,2.406408947321165e-09
2398.0,9.76505209521584e-12
2399.0,5.201650890479749e-10
2400.0,2.569867260392799e-10
2401.0,5.590574065435428e-09
2402.0,1.6339825165780037e-09
2403.0,6.827929962651534e-11
2404.0,6.709028500110086e-10
2405.0,1.1703918723621347e-08
2406.0,1.401896717465098e-12
2407.0,4.410842639698439e-07
2408.0,1.5600262271756467e-08
2409.0,5.826438540789144e-12
2410.0,1.2381560632846312e-08
2411.0,5.5428348977254664e-08
2412.0,1.0392335766300223e-09
2413.0,6.7763944607832736e-12
2414.0,2.7600607432652456e-08
2415.0,1.2027525393987124e-10
2416.0,1.0431502919987621e-09
2417.0,1.1533057308999361e-09
2418.0,1.0890403840833526e-11
2419.0,6.491632589383083e-08
2420.0,1.7879421405123858e-09
2421.0,1.048717994793371e-11
2422.0,2.4379780190725723e-13
2423.0,8.124446219364032e-09
2424.0,6.040052563504165e-10
2425.0,5.246333653881472e-09
2426.0,1.7879722886404757e-12
2427.0,1.7845123635597367e-11
2428.0,1.5770490370072876e-12
2429.0,6.851405593979141e-08
2430.0,4.5506868704900884e-09
2431.0,1.6997243134459302e-07
2432.0,1.3847437623674556e-08
2433.0,1.7723453823483778e-09
2434.0,2.577443565888654e-12
2435.0,7.436807378225018e-10
2436.0,3.0040931920437387e-10
2437.0,3.6157078947428337e-10
2438.0,3.399197043698011e-09
2439.0,7.768848450574238e-11
2440.0,5.54353768488192e-10
2441.0,1.2863983671991389e-11
2442.0,2.2033854297924726e-10
2443.0,4.118796923777142e-09
2444.0,3.98803543749477e-09
2445.0,4.2914262152742e-11
2446.0,1.2226710128498252e-10
2447.0,1.0841309872909793e-09
2448.0,5.36508263674041e-11
2449.0,1.706874612599015e-08
2450.0,4.042073605262458e-09
2451.0,2.400273632081923e-07
2452.0,2.465159103842058e-09
2453.0,2.685580057287743e-08
2454.0,3.2061331713572355e-10
2455.0,5.5810338766086933e-11
2456.0,8.552212532106635e-10
2457.0,9.320988085792422e-10
2458.0,9.432218479970813e-12
2459.0,7.297470726281806e-09
2460.0,1.5726676777660947e-08
2461.0,1.519179268556829e-10
2462.0,2.419297288573272e-09
2463.0,4.014603408755595e-09
2464.0,1.3542253389260953e-09
2465.0,1.3781133111366377e-08
2466.0,4.890108012299645e-10
2467.0,4.78498551993565e-09
2468.0,3.3655355416582e-08
2469.0,1.9581736453687485e-11
2470.0,1.2919849373406885e-10
2471.0,1.7640271951281453e-06
2472.0,2.55603688423053e-09
2473.0,7.206613800687219e-10
2474.0,9.595998601308967e-07
2475.0,1.2608901816529157e-09
2476.0,2.152252868415674e-10
2477.0,4.948588181167847e-10
2478.0,1.457663706701967e-07
2479.0,2.984872900073869e-09
2480.0,1.151433605622147e-08
2481.0,1.1413297708403989e-10
2482.0,3.321249281295403e-08
2483.0,4.255044433356554e-07
2484.0,9.117648263319907e-07
2485.0,4.945457949588148e-10
2486.0,1.6976253332738332e-09
2487.0,3.851859551974078e-09
2488.0,5.488930911351854e-09
2489.0,4.4658195201700075e-10
2490.0,3.6218071969372607e-09
2491.0,2.501662586476654e-09
2492.0,2.5116270639214334e-09
2493.0,6.522604971820302e-08
2494.0,1.6281548378596486e-07
2495.0,4.3877965199409426e-08
2496.0,3.3260174691419095e-12
2497.0,2.4958782826649245e-09
2498.0,1.2742228452314163e-09
2499.0,1.1784112387884202e-07
2500.0,4.543620117856523e-09
2501.0,6.97485803112426e-10
2502.0,2.2251689892230413e-08
2503.0,5.201720823682303e-07
2504.0,2.962398419300746e-09
2505.0,4.1832949591121386e-10
2506.0,1.4611512194129383e-10
2507.0,6.043950501250588e-08
2508.0,4.8265731383204e-09
2509.0,2.9495839019020494e-09
2510.0,4.3427158568760543e-10
2511.0,1.686744570521838e-08
2512.0,8.366023242156373e-09
2513.0,4.777861815503938e-08
2514.0,1.504868873570662e-09
2515.0,2.736414683522235e-07
2516.0,2.2841262006297823e-09
2517.0,2.850669304059314e-09
2518.0,3.811431431365714e-09
2519.0,3.3680521403460677e-09
2520.0,7.839338548792837e-08
2521.0,2.0069423923111495e-09
2522.0,2.3744746671033763e-09
2523.0,4.73963095428466e-10
2524.0,5.427981232995751e-09
2525.0,6.13922962859551e-09
2526.0,2.373917040286303e-06
2527.0,5.604507721355586e-10
2528.0,1.6365613768392663e-07
2529.0,2.0035084764426368e-07
2530.0,7.020596989099198e-08
2531.0,3.74970351713394e-08
2532.0,1.5985193987290854e-10
2533.0,1.5759114221973807e-08
2534.0,1.2238410516107882e-09
2535.0,6.958532206248668e-10
2536.0,1.0286597033659849e-07
2537.0,1.5244440508925371e-06
2538.0,4.172179905798729e-10
2539.0,2.3253755681192127e-08
2540.0,9.375872735246932e-09
2541.0,1.4920387683365295e-09
2542.0,4.70327926207378e-11
2543.0,1.180403030189697e-07
2544.0,9.536844430477331e-07
2545.0,2.6777504643249032e-09
2546.0,3.599742622934738e-09
2547.0,1.326647225399607e-08
2548.0,1.6999023597343353e-09
2549.0,3.3543338305743185e-11
2550.0,4.4729345505096203e-10
2551.0,1.9947496015019902e-07
2552.0,1.5453690950692602e-07
2553.0,3.2349596576189594e-10
2554.0,4.7450900533821085e-09
2555.0,1.4747946089351355e-09
2556.0,2.1930940147510868e-08
2557.0,6.63324393748508e-07
2558.0,8.618097463236077e-08
2559.0,4.891624440481648e-09
2560.0,3.831938910239806e-06
2561.0,2.8129460811546424e-08
2562.0,1.2586826704840247e-07
2563.0,5.331355848111487e-07
2564.0,9.400236728452021e-10
2565.0,1.721932863521246e-08
2566.0,1.4879737059412815e-07
2567.0,6.21356600130157e-08
2568.0,3.9275102665212784e-07
2569.0,1.12011738030107e-07
2570.0,2.3475099888147344e-07
2571.0,1.7709924056147213e-08
2572.0,1.132596339516934e-08
2573.0,2.3482912013351352e-07
2574.0,7.375337418706439e-09
2575.0,7.877460851502324e-09
2576.0,8.701168126758378e-07
2577.0,2.4085212377495402e-08
2578.0,2.3183750338923592e-08
2579.0,1.1709641926222032e-07
2580.0,1.6739646255310567e-06
2581.0,9.968795767747989e-08
2582.0,1.3470162824390474e-05
2583.0,9.734202166919983e-09
2584.0,1.7171676723724798e-07
2585.0,3.0705145532968595e-08
2586.0,5.4341077290394506e-09
2587.0,1.785536832137574e-08
2588.0,2.158693963994188e-08
2589.0,1.9668428518578e-06
2590.0,2.809380686807604e-08
2591.0,3.0326321550260346e-08
2592.0,5.788764865171797e-09
2593.0,1.9117698838208266e-08
2594.0,3.139639697840581e-06
2595.0,4.016366706828593e-07
2596.0,2.3305354855843003e-08
2597.0,1.6041390949352386e-07
2598.0,4.12061048823996e-08
2599.0,6.379609158073993e-06
2600.0,5.356414749863698e-07
2601.0,3.0891226564713115e-08
2602.0,3.688646662721835e-07
2603.0,2.295002919595051e-07
2604.0,1.1063131530174598e-07
2605.0,5.20642745480032e-09
2606.0,2.133025445770649e-08
2607.0,6.233682795880963e-08
2608.0,4.591050350378888e-08
2609.0,4.332235728228045e-08
2610.0,1.470989830701093e-08
2611.0,6.663226862964625e-10
2612.0,6.460975661280284e-11
2613.0,2.177384587792618e-09
2614.0,2.5757019679032516e-06
2615.0,6.350688975179092e-08
2616.0,1.573525860925583e-08
2617.0,4.3640912114860164e-12
2618.0,5.976795324899605e-08
2619.0,2.2837309042552533e-07
2620.0,2.9072013708045084e-10
2621.0,1.2452688747557896e-09
2622.0,1.508911795740951e-07
2623.0,2.3338533415965828e-08
2624.0,4.177366419080907e-09
2625.0,5.6195836024649324e-08
2626.0,1.0898323392333323e-05
2627.0,1.4047848802649873e-09
2628.0,8.306987199436239e-08
2629.0,1.3524714034172107e-07
2630.0,1.4410618962391362e-08
2631.0,1.972986128177395e-08
2632.0,2.4660315363045247e-10
2633.0,1.4128593711567205e-06
2634.0,5.879264976851414e-09
2635.0,4.176113565999309e-09
2636.0,2.011053380556359e-09
2637.0,3.5929832684788095e-06
2638.0,1.1668082466220154e-07
2639.0,3.179556385926436e-06
2640.0,1.0082004624141308e-06
2641.0,1.1382875365375856e-08
2642.0,8.138607967103604e-08
2643.0,1.8393513320082088e-06
2644.0,3.1189062606080226e-08
2645.0,8.823484488554621e-08
2646.0,7.465345959388132e-08
2647.0,1.1481164448717494e-08
2648.0,2.011341804756173e-08
2649.0,2.6210442883712504e-08
2650.0,8.627354824586312e-08
2651.0,8.837305438629901e-07
2652.0,4.1396642672824875e-07
2653.0,7.643042793733147e-08
2654.0,1.7031829835726442e-08
2655.0,4.749157551832655e-08
2656.0,1.429503655246828e-07
2657.0,5.558418251793419e-10
2658.0,4.1268229053835746e-08
2659.0,8.617944717256201e-10
2660.0,4.521743955545504e-08
2661.0,1.9886143993325256e-09
2662.0,6.27492706336453e-08
2663.0,1.875532991085237e-07
2664.0,1.8698616001228444e-07
2665.0,9.929685564771882e-07
2666.0,1.1733470782051632e-07
2667.0,5.689708202562494e-08
2668.0,2.092234820574764e-07
2669.0,9.226411245185795e-08
2670.0,8.113688453057015e-08
2671.0,1.0195845740327541e-07
2672.0,1.4401453135532852e-07
2673.0,2.7891510836066306e-09
2674.0,5.154279558650299e-08
2675.0,5.788738289437771e-08
2676.0,1.2997856840771962e-07
2677.0,1.0179260707125188e-06
2678.0,1.4454015291955716e-08
2679.0,8.848513647922172e-09
2680.0,2.981833253426625e-08
2681.0,8.074239915777118e-08
2682.0,9.326841311857404e-08
2683.0,2.7248481681319615e-08
2684.0,1.0935477828508652e-07
2685.0,1.0219661110837321e-07
2686.0,6.447201435828609e-08
2687.0,1.7002775071179488e-09
2688.0,6.652775955537421e-09
2689.0,6.768660845657619e-08
2690.0,6.571308289556051e-09
2691.0,1.3744234057307407e-07
2692.0,6.901043511585101e-08
2693.0,1.1025582439819814e-08
2694.0,7.5564301571568885e-06
2695.0,1.4466246240851535e-08
2696.0,4.633990472467266e-06
2697.0,6.649737909879774e-06
2698.0,1.445484188929215e-07
2699.0,1.2792595007689536e-08
2700.0,2.051981845485558e-09
2701.0,6.835361853714915e-08
2702.0,2.973219115002484e-07
2703.0,2.0681176609407133e-08
2704.0,1.4838470222386917e-08
2705.0,3.501995157814225e-08
2706.0,3.591109569676715e-08
2707.0,9.156791119296423e-09
2708.0,4.229380838727899e-09
2709.0,6.437506923517331e-07
2710.0,1.8377314860036442e-08
2711.0,3.0952814105829336e-07
2712.0,8.951281063382762e-06
2713.0,2.157787633642508e-07
2714.0,4.189695432366224e-07
2715.0,1.136836531265083e-07
2716.0,9.079722004271868e-09
2717.0,3.183237440381584e-08
2718.0,9.459429285551476e-08
2719.0,1.6570112148096728e-09
2720.0,2.5780694740353134e-08
2721.0,3.685974588220527e-08
2722.0,1.0883899197499038e-07
2723.0,1.387706322774838e-07
2724.0,1.084562913900144e-07
2725.0,4.719584809398168e-08
2726.0,5.1730346647812755e-08
2727.0,6.850120517141978e-07
2728.0,6.1703583321436894e-09
2729.0,9.631382321905866e-08
2730.0,6.456572860662316e-08
2731.0,1.1462582411311e-08
2732.0,1.0431291554135746e-08
2733.0,3.4533086752232033e-07
2734.0,2.4841391681333384e-08
2735.0,2.893601493854533e-07
2736.0,5.011688979856463e-07
2737.0,6.771803772211773e-08
2738.0,6.260361324562871e-08
2739.0,6.523099460855495e-08
2740.0,2.734511378436956e-07
2741.0,8.9613982264656e-08
2742.0,1.0902742359030884e-05
2743.0,2.3743518032670092e-07
2744.0,7.415741458163268e-08
2745.0,7.685802674530335e-07
2746.0,1.1537155498255673e-06
2747.0,1.1482592800979231e-06
2748.0,6.607685709635805e-07
2749.0,2.2984373390444974e-08
2750.0,2.3140600264938631e-07
2751.0,3.358476755835971e-08
2752.0,7.7240709925618e-09
2753.0,6.952037130699598e-07
2754.0,1.5172838534240265e-07
2755.0,3.2908086672238686e-08
2756.0,3.068286087266119e-08
2757.0,1.2920508553667619e-05
2758.0,5.712027788024035e-07
2759.0,8.340956547066315e-08
2760.0,1.5259010915726105e-07
2761.0,1.0888362426318415e-08
2762.0,9.688635649487577e-09
2763.0,6.898787617605778e-07
2764.0,5.778695616952709e-07
2765.0,6.592090013580247e-08
2766.0,4.773438184576947e-07
2767.0,1.13769561022793e-06
2768.0,5.990279012623077e-07
2769.0,9.675544513903919e-07
2770.0,2.83766285364283e-07
2771.0,9.935282491688005e-07
2772.0,1.2453704492111715e-06
2773.0,1.8008759056716928e-07
2774.0,6.291450835225755e-07
2775.0,3.319770400923492e-07
2776.0,1.6017758366770788e-06
2777.0,3.1208548726635684e-07
2778.0,3.7421344070490966e-07
2779.0,6.80543661272061e-09
2780.0,4.0212123026773803e-07
2781.0,1.2272494084401484e-07
2782.0,3.276389117988535e-08
2783.0,1.013025679594868e-06
2784.0,1.9174955471357799e-07
2785.0,1.0512878424465085e-05
2786.0,3.322575155194453e-08
2787.0,7.861918444366505e-08
2788.0,6.824860433464417e-08
2789.0,2.929988080497253e-06
2790.0,1.4912124391958227e-06
2791.0,3.456887576829003e-07
2792.0,3.447851140356292e-07
2793.0,1.4441661405805452e-07
2794.0,2.6967300121042172e-08
2795.0,1.7218586613345983e-05
2796.0,4.2475494035351e-08
2797.0,1.3796400506827149e-07
2798.0,3.905957999924077e-08
2799.0,5.050433586026163e-07
2800.0,7.833906513008573e-07
2801.0,3.001869074772373e-08
2802.0,2.351744056136423e-08
2803.0,3.554312439122446e-07
2804.0,8.764076601086342e-07
2805.0,5.957439885811226e-07
2806.0,3.0320774015734863e-07
2807.0,5.638870917845119e-09
2808.0,4.489298598431717e-08
2809.0,5.910448286801375e-06
2810.0,4.862064657527439e-07
2811.0,9.114127289184212e-07
2812.0,5.2648131869847894e-08
2813.0,1.4007578202465802e-07
2814.0,6.19156646366019e-06
2815.0,3.6404401061765965e-08
2816.0,4.815429460377794e-08
2817.0,6.333141494535426e-07
2818.0,6.801208720422378e-08
2819.0,3.3134046663717296e-07
2820.0,6.897537679138256e-07
2821.0,1.3011528615656392e-06
2822.0,1.6035531525603738e-06
2823.0,4.185563337812985e-07
2824.0,1.6941375575062648e-06
2825.0,0.00013669778646882818
2826.0,4.0527030155951615e-07
2827.0,3.4966341265100835e-08
2828.0,3.3793985648838053e-06
2829.0,8.425242914617514e-08
2830.0,5.788820915545163e-07
2831.0,1.7826575354703975e-06
2832.0,2.108992375170768e-06
2833.0,3.3827850938789767e-06
2834.0,1.1784800189457785e-07
2835.0,1.6151500116039674e-05
2836.0,1.2676263973172063e-06
2837.0,3.155501148595886e-07
2838.0,4.3512419263753895e-06
2839.0,2.3400478750787252e-07
2840.0,9.084762883281696e-06
2841.0,3.119837558951676e-07
2842.0,1.000878264441084e-06
2843.0,2.6313797317455164e-07
2844.0,2.3488662636016807e-06
2845.0,4.3329289787408057e-07
2846.0,6.924278377279595e-07
2847.0,2.2751661496699652e-07
2848.0,2.184189908517113e-07
2849.0,6.651538386006392e-08
2850.0,6.825636107035773e-09
2851.0,6.057599421112417e-08
2852.0,5.840190752875798e-08
2853.0,2.461922222603948e-07
2854.0,4.021216676868523e-06
2855.0,1.456295557058884e-07
2856.0,1.865195566880362e-08
2857.0,6.586183217830257e-06
2858.0,6.237945100995099e-06
2859.0,1.1294294194121152e-07
2860.0,2.350528910191537e-06
2861.0,1.847167424658645e-07
2862.0,3.6399476670378395e-07
2863.0,1.280703506316682e-05
2864.0,6.171169222304786e-05
2865.0,6.31322847438625e-05
2866.0,2.59946570719153e-06
2867.0,2.3702124464569766e-06
2868.0,1.0089655282375155e-07
2869.0,5.866827783401312e-07
2870.0,5.509675298698673e-08
2871.0,6.85677518114725e-06
2872.0,5.32201458504438e-08
2873.0,1.91281830908838e-05
2874.0,3.644163615880267e-07
2875.0,1.8943166169947842e-05
2876.0,1.4286817985434174e-06
2877.0,2.434261824623344e-06
2878.0,4.033532064537396e-06
2879.0,6.187814365622551e-06
2880.0,1.706412856779459e-06
2881.0,1.147862070804003e-06
2882.0,4.466399483243539e-07
2883.0,2.828405593676604e-06
2884.0,7.830911386292448e-07
2885.0,5.369209667491058e-06
2886.0,3.1669483147080766e-06
2887.0,5.8774897344742163e-08
2888.0,7.118357624176133e-06
2889.0,4.38965140825627e-07
2890.0,5.611281587144216e-07
2891.0,1.7346035266222979e-07
2892.0,1.806120144965334e-06
2893.0,6.72996385847356e-08
2894.0,1.5334832682024967e-06
2895.0,0.0010908100473181685
2896.0,2.49833366664443e-06
2897.0,0.0004766862734149789
2898.0,1.2915039006786333e-07
2899.0,1.0320298040206985e-07
2900.0,2.1461741284783505e-06
2901.0,6.314498637830806e-08
2902.0,1.1044897924513561e-06
2903.0,8.053190101179759e-08
2904.0,2.1887328282401588e-07
2905.0,2.44031103646017e-07
2906.0,2.5746921155493246e-06
2907.0,1.7191671619235782e-06
2908.0,5.4731003888355e-08
2909.0,2.159454058626978e-07
2910.0,6.256890946728637e-07
2911.0,2.066708161507794e-07
2912.0,1.5379892832645786e-08
2913.0,2.1261228000297307e-07
2914.0,7.251754236822309e-07
2915.0,5.215997560433888e-07
2916.0,0.00021630760629139337
2917.0,9.182412307241669e-05
2918.0,1.3605798631074427e-07
2919.0,1.734132247204127e-06
2920.0,7.509798836174143e-06
2921.0,5.887325020989481e-08
2922.0,5.830146264038285e-06
2923.0,4.2490889297334035e-07
2924.0,9.888653047084928e-07
2925.0,1.1459403790586109e-08
2926.0,1.817626671493229e-08
2927.0,5.1866918187328735e-05
2928.0,0.00011443180177810111
2929.0,1.0687918580373685e-05
2930.0,1.1291092249724213e-06
2931.0,7.239816692246159e-08
2932.0,4.344700660967055e-05
2933.0,5.005745775470488e-06
2934.0,8.4033827609546e-07
2935.0,1.1575226007234112e-07
2936.0,9.369224580245107e-07
2937.0,3.2058552906151076e-06
2938.0,1.4748433213729995e-05
2939.0,7.032169598708213e-08
2940.0,3.5238039239084513e-06
2941.0,1.8036452713602867e-06
2942.0,1.7211567846518506e-06
2943.0,6.463960258788221e-07
2944.0,1.6216324062197292e-05
2945.0,6.838878589467064e-07
2946.0,4.9340999053087165e-05
2947.0,1.1179499640488655e-07
2948.0,7.098028113761471e-05
2949.0,8.397108394124645e-07
2950.0,6.563973787260736e-08
2951.0,5.837774700770317e-09
2952.0,1.8818705689904893e-06
2953.0,5.709486520330291e-07
2954.0,2.719472492559497e-08
2955.0,2.943848243551397e-06
2956.0,1.6656480342345822e-05
2957.0,5.583150934502621e-07
2958.0,0.001829674627995919
2959.0,3.988273099471718e-07
2960.0,7.852067778908544e-08
2961.0,2.4882684831724175e-06
2962.0,3.167036776187602e-06
2963.0,8.279435954494713e-06
2964.0,3.930713402818321e-07
2965.0,4.7572850685782175e-06
2966.0,4.391799811154271e-06
2967.0,1.0298861994660257e-07
2968.0,8.342672008174851e-08
2969.0,2.246853597615306e-05
2970.0,2.2475004068480317e-07
2971.0,2.8506079333513316e-06
2972.0,6.535125284454755e-07
2973.0,5.346454521213258e-06
2974.0,3.852117283151785e-08
2975.0,5.963714835542624e-06
2976.0,6.398375850465808e-07
2977.0,2.689309467568802e-08
2978.0,1.0132040947267724e-06
2979.0,0.004814270621312643
2980.0,4.810260693614603e-06
2981.0,6.250501282401023e-07
2982.0,1.999156383443989e-08
2983.0,1.995519902786028e-06
2984.0,1.4495465006744425e-07
2985.0,1.9647903488963972e-07
2986.0,3.664580240715895e-08
2987.0,3.433349829861678e-08
2988.0,4.6199991070827696e-07
2989.0,0.00040586740741518906
2990.0,4.423146435599085e-06
2991.0,4.252951325069531e-07
2992.0,2.4792449226420813e-08
2993.0,8.361280194381176e-08
2994.0,1.9420438654323662e-07
2995.0,4.0744730192078755e-08
2996.0,2.201573741003774e-07
2997.0,3.926400494001171e-06
2998.0,2.043380665707251e-06
2999.0,0.0029637887301642313
3000.0,2.6831259810812134e-06
3001.0,1.1174852042123014e-06
3002.0,4.804980134897837e-06
3003.0,3.153400911690441e-06
3004.0,2.2628458828369286e-06
3005.0,2.125210956496704e-06
3006.0,3.0824800115554054e-05
3007.0,7.84982774916487e-06
3008.0,1.692515347010511e-05
3009.0,0.0007085687374320501
3010.0,1.2931363270396115e-05
3011.0,8.122870770353703e-06
3012.0,6.115272971501636e-05
3013.0,3.6812811807338135e-05
3014.0,3.5608176695007606e-05
3015.0,0.0026782080962447488
3016.0,0.0016489784239591028
3017.0,0.00012255145197913265
3018.0,8.649098624835008e-05
3019.0,8.415844557704177e-06
3020.0,6.68599571304148e-06
3021.0,2.485870750031044e-05
3022.0,2.6980502317421875e-07
3023.0,3.6410628290339583e-06
3024.0,1.468853615150316e-08
3025.0,1.995057639531421e-07
3026.0,1.0519407403151407e-07
3027.0,2.3210649803678518e-08
3028.0,2.801200267179853e-06
3029.0,6.8084444353019616e-06
3030.0,2.3451690692302376e-08
3031.0,5.0273090965217256e-08
3032.0,7.608469466736598e-07
3033.0,2.603876652863867e-07
3034.0,2.978811037677887e-07
3035.0,1.4889026249956783e-07
3036.0,9.18398675356174e-08
3037.0,2.4488350095835997e-07
3038.0,7.32628019872207e-08
3039.0,1.0694620083089107e-08
3040.0,5.129809755464478e-09
3041.0,6.6673375549996834e-09
3042.0,1.3611416569783258e-07
3043.0,1.0962023710754696e-06
3044.0,5.161393503503345e-07
3045.0,7.950435875259576e-08
3046.0,1.007897196756935e-06
3047.0,1.2538529319733995e-07
3048.0,3.781141034398877e-05
3049.0,6.54964995357681e-07
3050.0,1.7631842830741087e-08
3051.0,8.258110300249268e-07
3052.0,1.137531148687843e-06
3053.0,2.255661482770168e-07
3054.0,3.905855773098974e-08
3055.0,1.0328941649165692e-06
3056.0,3.0586567701183964e-08
3057.0,3.4637105056098727e-07
3058.0,1.9080925926098964e-05
3059.0,1.0267630013901592e-07
3060.0,3.472871318994175e-07
3061.0,2.760701997961914e-07
3062.0,1.7038923961842188e-07
3063.0,2.4487844955565515e-05
3064.0,5.4707830211320177e-08
3065.0,1.3471490083545748e-07
3066.0,8.78236157011397e-08
3067.0,5.283929522630257e-05
3068.0,4.780504188116655e-07
3069.0,2.751762931100979e-07
3070.0,7.645151405159132e-06
3071.0,3.0230112638602665e-07
3072.0,7.39580438585506e-06
3073.0,6.397163363499741e-07
3074.0,2.0277395206004077e-06
3075.0,8.579508331176651e-08
3076.0,2.229127207645032e-06
3077.0,7.260041752588752e-06
3078.0,2.337425373757654e-06
3079.0,5.994794215409755e-05
3080.0,6.491795602007527e-06
3081.0,3.112934324131117e-07
3082.0,1.6561077005455084e-06
3083.0,7.441316795769616e-08
3084.0,3.1897270260291775e-07
3085.0,5.850993907235132e-07
3086.0,0.0010937263953702367
3087.0,3.086790302617833e-08
3088.0,8.49440166875264e-08
3089.0,8.59364011992184e-06
3090.0,2.5348209725319283e-05
3091.0,1.9537329691236024e-08
3092.0,2.977209600142364e-06
3093.0,8.96888594622943e-08
3094.0,2.966098902708345e-07
3095.0,0.0001715847867978175
3096.0,3.9044239057244114e-06
3097.0,2.4529540497995238e-08
3098.0,1.9318163449158726e-08
3099.0,3.467536315747506e-07
3100.0,1.427238371616557e-06
3101.0,1.4092043587111162e-07
3102.0,8.386619868987002e-08
3103.0,4.0749177569949435e-07
3104.0,1.3519469374838124e-05
3105.0,3.750900170820459e-06
3106.0,5.130603002209735e-08
3107.0,1.320792840441412e-08
3108.0,4.40365154797577e-08
3109.0,2.855850794843281e-06
3110.0,8.294461998396562e-08
3111.0,2.2479720624040235e-07
3112.0,1.4007965712346558e-05
3113.0,8.699838254182917e-06
3114.0,3.846627562338875e-08
3115.0,1.687626094229276e-07
3116.0,2.9154263461224156e-07
3117.0,1.9336408046758796e-08
3118.0,2.536259636016745e-08
3119.0,7.489059318061952e-06
3120.0,1.486253768455239e-07
3121.0,1.413033123319703e-06
3122.0,2.1655642296974772e-06
3123.0,6.523822181402387e-06
3124.0,6.7509333812366765e-09
3125.0,5.40535411963933e-07
3126.0,4.984296642134398e-08
3127.0,9.162316063457645e-09
3128.0,3.338604564648866e-05
3129.0,4.103657640423867e-07
3130.0,4.766334896989327e-08
3131.0,6.668065512930486e-06
3132.0,3.153214009773476e-08
3133.0,4.556121582816294e-09
3134.0,2.7574111948860566e-10
3135.0,1.3010943823428008e-05
3136.0,4.198076453005607e-07
3137.0,2.994562437851681e-07
3138.0,9.900086588600937e-07
3139.0,9.176299750104966e-08
3140.0,0.0008306486987882643
3141.0,1.7858020188956468e-07
3142.0,8.160047476939027e-09
3143.0,5.332149216305036e-08
3144.0,1.355253272021552e-06
3145.0,3.376859667332341e-07
3146.0,4.39542105471685e-07
3147.0,1.5944143868785132e-06
3148.0,4.1546159831558506e-07
3149.0,0.0006306450954220378
3150.0,1.3464211657429797e-08
3151.0,2.2941738293579818e-09
3152.0,4.984871676619372e-10
3153.0,1.7055344237349332e-07
3154.0,1.7889353019782299e-07
3155.0,1.1446924320781245e-07
3156.0,6.972336593050437e-06
3157.0,6.721685857262406e-08
3158.0,3.7827324561759857e-06
3159.0,3.429132086550232e-07
3160.0,2.1570657621087526e-09
3161.0,2.0088903997518068e-10
3162.0,5.786336889842032e-09
3163.0,1.0835582295315838e-08
3164.0,2.3491447760665677e-07
3165.0,3.6377577743315758e-06
3166.0,9.733583742235164e-06
3167.0,5.086879329566156e-07
3168.0,1.6658705494980245e-06
3169.0,2.229928775362101e-08
3170.0,1.328232781327674e-07
3171.0,2.8860492890750205e-09
3172.0,6.179881006024822e-10
3173.0,1.7925245210833883e-11
3174.0,1.2345663247190798e-06
3175.0,4.153148200471064e-07
3176.0,1.0098302666613218e-06
3177.0,1.4257742315105195e-10
3178.0,3.110454597727659e-08
3179.0,2.3160797569442323e-08
3180.0,2.2086371611039304e-06
3181.0,1.735609875727871e-10
3182.0,4.245168843532546e-06
3183.0,3.4613059187557845e-05
3184.0,1.9180524575946147e-07
3185.0,6.451670114732229e-08
3186.0,4.228399087826257e-09
3187.0,1.2007771158544876e-08
3188.0,1.4277290443558174e-10
3189.0,2.287484054135632e-10
3190.0,8.649195208603234e-09
3191.0,9.22529359804959e-08
3192.0,1.0363698339601314e-05
3193.0,6.668528626500024e-08
3194.0,5.544559538048862e-09
3195.0,1.8892921104104757e-08
3196.0,5.366488042301358e-08
3197.0,3.890533756238003e-09
3198.0,7.836031988469474e-10
3199.0,8.302970765433038e-06
3200.0,6.583080554520763e-08
3201.0,1.5580671984458868e-08
3202.0,7.57037575490279e-09
3203.0,2.7294513995386805e-09
3204.0,3.7691750922807655e-09
3205.0,2.683933565751354e-09
3206.0,2.696944582555166e-08
3207.0,4.44108764298322e-09
3208.0,1.5069296798080176e-07
3209.0,3.8492714825103014e-08
3210.0,2.471907533811854e-08
3211.0,2.2516965728858456e-09
3212.0,6.406029465372077e-10
3213.0,1.5160491129585694e-08
3214.0,1.0034517241978962e-09
3215.0,2.0016606919356785e-10
3216.0,5.1257780959340295e-08
3217.0,3.1016535388525706e-09
3218.0,7.259020231680841e-10
3219.0,1.628199188926838e-08
3220.0,1.2564449597651812e-09
3221.0,2.3275966483883505e-09
3222.0,1.0935866377556117e-07
3223.0,6.5747019463879226e-09
3224.0,4.977737267581208e-07
3225.0,1.520533090973132e-10
3226.0,9.927086201308265e-11
3227.0,4.828365578054782e-09
3228.0,8.324559488220687e-09
3229.0,5.152112431343181e-10
3230.0,1.6229508307862483e-11
3231.0,5.168460226215176e-08
3232.0,5.774071584270971e-09
3233.0,1.2221796489590084e-09
3234.0,1.720869944771221e-10
3235.0,5.4494969146649116e-08
3236.0,5.971515378343269e-11
3237.0,9.189010772002873e-11
3238.0,1.1308213061731766e-08
3239.0,4.7712414411399344e-11
3240.0,4.1404116713358073e-13
3241.0,2.3750866362399366e-09
3242.0,3.3139501836542175e-11
3243.0,6.2854046691962254e-09
3244.0,3.815839954370917e-11
3245.0,1.0593910830314308e-08
3246.0,9.875429386828557e-09
3247.0,1.0719582763830117e-10
3248.0,3.8431539966497675e-09
3249.0,6.899033531977395e-11
3250.0,2.4104989605422347e-08
3251.0,6.943471139956613e-11
3252.0,1.217073630188197e-09
3253.0,2.1847641303924067e-08
3254.0,7.73326071575091e-10
3255.0,3.8059149424136853e-10
3256.0,1.7159180655854557e-09
3257.0,4.566124211526881e-10
3258.0,3.2181174922554517e-09
3259.0,1.031128585221816e-09
3260.0,5.697575261930092e-14
3261.0,1.09555819140847e-08
3262.0,4.491575680542317e-11
3263.0,2.292049433708287e-10
3264.0,1.6030409547627832e-07
3265.0,3.80140715887796e-09
3266.0,5.60974726230878e-11
3267.0,1.0105279238497556e-10
3268.0,9.937261726434542e-08
3269.0,5.920481472352893e-09
3270.0,3.1534900365555206e-08
3271.0,5.301295966188191e-10
3272.0,8.578031329466374e-11
3273.0,9.436004366150721e-11
3274.0,5.52255768462762e-10
3275.0,3.974439812602875e-09
3276.0,1.3051822001035422e-10
3277.0,2.3590188958262506e-10
3278.0,1.0084020951049813e-09
3279.0,1.052452187909282e-10
3280.0,2.0436790718104184e-11
3281.0,6.807606903592351e-08
3282.0,8.457193496842101e-10
3283.0,2.813551740431638e-10
3284.0,4.902284079099294e-10
3285.0,1.1579821883398214e-09
3286.0,1.4615680819581576e-08
3287.0,2.158886608684971e-08
3288.0,3.0740570501110477e-10
3289.0,1.6845034708349812e-10
3290.0,7.07395720863375e-11
3291.0,3.189574412143636e-08
3292.0,2.450224435632449e-13
3293.0,4.420854317365828e-11
3294.0,2.815363007706229e-08
3295.0,3.8777008814110357e-10
3296.0,2.2935098323070427e-11
3297.0,3.216092974433739e-11
3298.0,9.6448803356358e-10
3299.0,5.336360795717012e-10
3300.0,4.86000868172118e-09
3301.0,1.0074852343349395e-09
3302.0,7.391118151249512e-10
3303.0,3.3325105739601966e-12
3304.0,3.537920334946187e-09
3305.0,1.0956743097522608e-11
3306.0,1.0026899027874531e-11
3307.0,4.159636846810634e-11
3308.0,7.13121628957626e-10
3309.0,7.124454220744335e-13
3310.0,7.49035090363346e-12
3311.0,5.712694291882061e-10
3312.0,8.90836989418651e-11
3313.0,1.6246500505611434e-10
3314.0,1.3779807740720252e-09
3315.0,3.9035998244516093e-10
3316.0,1.0912648232534442e-12
3317.0,6.977462397639132e-11
3318.0,2.8033942003833206e-14
3319.0,5.329430154897935e-11
3320.0,4.4877291628985564e-13
3321.0,6.0682418389778065e-12
3322.0,3.419014332666093e-11
3323.0,1.6397955768280495e-13
3324.0,1.9966377873651935e-11
3325.0,2.851524832173739e-09
3326.0,1.8130704797649972e-10
3327.0,2.03215744369174e-12
3328.0,2.906069371822395e-11
3329.0,9.088273436068094e-11
3330.0,1.65168483149521e-11
3331.0,1.345704219563914e-10
3332.0,4.06602949329422e-11
3333.0,8.819589978359983e-12
3334.0,1.6327333710179087e-12
3335.0,9.000346345719184e-12
3336.0,3.8492585422223503e-10
3337.0,1.0159626572021668e-10
3338.0,6.319997177063303e-14
3339.0,9.216248713805873e-13
3340.0,9.619853656223824e-11
3341.0,2.5846468885345786e-09
3342.0,2.655331958022666e-12
3343.0,5.7391886392693286e-11
3344.0,3.67167262773912e-12
3345.0,1.3311534730038e-13
3346.0,3.7898568754031765e-13
3347.0,1.001742705019437e-12
3348.0,2.8108549830306183e-12
3349.0,2.1884265221038186e-10
3350.0,9.204996156730996e-11
3351.0,2.925959183040139e-13
3352.0,1.2813148745857585e-15
3353.0,7.954502035989032e-13
3354.0,4.21312634746076e-12
3355.0,5.715209542217811e-11
3356.0,1.124304787223779e-10
3357.0,2.8374145619637258e-11
3358.0,1.4609521559179242e-14
3359.0,1.3113062711657175e-11
3360.0,7.922241296483511e-10
3361.0,9.090807135002735e-15
3362.0,6.462982204317451e-14
3363.0,1.2012614036483983e-12
3364.0,8.342884647944803e-12
3365.0,1.552431330054069e-10
3366.0,3.2122145353393296e-11
3367.0,9.532710766672434e-12
3368.0,1.2274980850450211e-14
3369.0,1.1256641099956661e-13
3370.0,1.0361652434373998e-10
3371.0,3.5640988532307605e-11
3372.0,1.417799240390864e-15
3373.0,2.8704296108530155e-14
3374.0,1.0414157324979522e-13
3375.0,6.41413718595899e-12
3376.0,1.0902788164592697e-11
3377.0,0.0
3378.0,1.0392030169328123e-11
3379.0,3.1658666058143647e-13
3380.0,1.7203786377274112e-09
3381.0,9.626175213046337e-12
3382.0,4.565757919079105e-12
3383.0,3.982188600190941e-12
3384.0,2.3004964830113868e-14
3385.0,8.309670249940866e-13
3386.0,1.401362380800874e-13
3387.0,0.0
3388.0,4.4893370742693086e-12
3389.0,1.4433587101417605e-12
3390.0,1.5975402237390438e-14
3391.0,7.953124543354887e-10
3392.0,0.0
3393.0,4.8525896146726955e-12
3394.0,4.885142061391414e-12
3395.0,1.2598282934538431e-10
3396.0,4.6395583071125874e-11
3397.0,6.474195699746712e-14
3398.0,5.578009021498487e-15
3399.0,3.958172790598895e-13
3400.0,1.7693427644174532e-13
3401.0,9.991337738116755e-12
3402.0,9.55329550235288e-14
3403.0,0.0
3404.0,0.0
3405.0,1.1393018432130043e-12
3406.0,1.3783572000411383e-12
3407.0,1.3792591410694685e-12
3408.0,3.905042330746309e-13
3409.0,1.8992407148241807e-11
3410.0,1.4942883126808083e-09
3411.0,1.3978154635181971e-12
3412.0,4.4134499645433435e-13
3413.0,0.0
3414.0,2.2916879264060506e-14
3415.0,0.0
3416.0,9.733377318998989e-12
3417.0,0.0
3418.0,5.576011534679282e-13
3419.0,0.0
3420.0,0.0
3421.0,0.0
3422.0,6.6491389875392575e-12
3423.0,2.0257539989786614e-13
3424.0,4.85663046439837e-14
3425.0,3.1177130077258505e-12
3426.0,1.3527976726865953e-12
3427.0,0.0
3428.0,5.373700594759632e-13
3429.0,4.36575563919438e-15
3430.0,1.006814596131816e-14
3431.0,1.2996181897024752e-12
3432.0,1.63212437552158e-10
3433.0,2.2997708755338983e-14
3434.0,6.6111771896143235e-15
3435.0,9.311327367317153e-13
3436.0,3.322308441954371e-13
3437.0,7.729774178579404e-10
3438.0,6.703434538112368e-14
3439.0,4.247991028110896e-12
3440.0,1.2752601390780011e-12
3441.0,0.0
3442.0,0.0
3443.0,5.3077713909082696e-11
3444.0,3.3779559630934524e-12
3445.0,2.049606116479563e-15
3446.0,1.0968457240845502e-14
3447.0,0.0
3448.0,0.0
3449.0,0.0
3450.0,1.9091549900918214e-14
3451.0,4.2698153296756985e-14
3452.0,2.669116263148724e-13
3453.0,0.0
3454.0,1.1684822503334747e-12
3455.0,1.5983480454530855e-13
3456.0,3.4137929388601986e-11
3457.0,0.0
3458.0,4.6074264973542654e-14
3459.0,1.047682577903592e-13
3460.0,0.0
3461.0,1.8817898142887665e-14
3462.0,7.3764701605737e-13
3463.0,4.194916140985125e-12
3464.0,0.0
3465.0,4.876588959856454e-12
3466.0,9.449860419212144e-12
3467.0,2.9496976880499086e-14
3468.0,0.0
3469.0,0.0
3470.0,5.782984627438502e-11
3471.0,4.8288356343626016e-11
3472.0,0.0
3473.0,0.0
3474.0,2.5229519513473212e-14
3475.0,6.887088804140191e-14
3476.0,0.0
3477.0,3.4427015494688086e-12
3478.0,3.744884528609303e-14
3479.0,4.3601032857265154e-13
3480.0,0.0
3481.0,1.562985088928684e-14
3482.0,4.5151642911456806e-12
3483.0,1.4712832102249966e-14
3484.0,0.0
3485.0,0.0
3486.0,1.7890858233017477e-11
3487.0,0.0
3488.0,7.517141125841536e-14
3489.0,0.0
3490.0,0.0
3491.0,5.713544116177187e-12
3492.0,3.864712290172652e-11
3493.0,7.34166732047312e-14
3494.0,8.75433523764689e-12
3495.0,3.444501144480421e-13
3496.0,0.0
3497.0,1.3474152158683677e-12
3498.0,3.394994811199962e-11
3499.0,4.147999651394641e-12
3500.0,2.341687163468585e-13
3501.0,1.2323014291641217e-13
3502.0,7.163036022576027e-12
3503.0,1.2053381732409646e-12
3504.0,8.760467301896496e-10
3505.0,0.0
3506.0,0.0
3507.0,1.2679276022751326e-13
3508.0,5.392545285976803e-12
3509.0,0.0
3510.0,7.33999812434491e-11
3511.0,0.0
3512.0,0.0
3513.0,0.0
3514.0,5.51963392699595e-13
3515.0,1.109265345143296e-13
3516.0,3.457805307280022e-12
3517.0,9.022600043543442e-13
3518.0,4.338546054129249e-12
3519.0,2.4813190871025288e-11
3520.0,2.5156205205613672e-09
3521.0,2.4513831815081765e-13
3522.0,3.3632376150051395e-12
3523.0,4.6677068734798516e-12
3524.0,4.977458597937995e-12
3525.0,8.941462748672577e-11
3526.0,4.377003078689432e-12
3527.0,0.0
3528.0,0.0
3529.0,0.0
3530.0,1.480891720757737e-14
3531.0,1.975482590841486e-13
3532.0,3.3206443726010207e-12
3533.0,2.8563877995078325e-14
3534.0,7.413530706027761e-11
3535.0,3.8629930484565954e-14
3536.0,1.2205240311557025e-12
3537.0,1.9288871876638806e-12
3538.0,2.0535995983606844e-11
3539.0,5.4320830454724484e-14
3540.0,8.660868173788921e-11
3541.0,3.1404117638250583e-10
3542.0,1.3231264291734152e-13
3543.0,4.362984089825409e-14
3544.0,1.2383663154133642e-12
3545.0,1.6376381924912258e-11
3546.0,2.90093847365305e-10
3547.0,5.475588714162111e-10
3548.0,1.3041612710626859e-10
3549.0,2.213554279338732e-14
3550.0,4.002611617926567e-14
3551.0,1.5319105806087887e-11
3552.0,7.25898698751572e-11
3553.0,6.264633781614832e-14
3554.0,1.17216036381403e-13
3555.0,1.3921539361089608e-12
3556.0,7.829611980435482e-13
3557.0,4.4269382796742296e-11
3558.0,7.468997112490336e-09
3559.0,6.895279374377308e-14
3560.0,1.8031642200654545e-11
3561.0,9.347291270160761e-14
3562.0,2.82789485529586e-12
3563.0,9.232201947706708e-12
3564.0,5.134530681892428e-12
3565.0,4.70981032474463e-14
3566.0,2.6217540774725827e-12
3567.0,9.4910942245496e-12
3568.0,6.548977601280972e-11
3569.0,4.672005493503742e-11
3570.0,4.4952744001292565e-11
3571.0,1.969512086438601e-13
3572.0,0.0
3573.0,5.494025483040127e-12
3574.0,1.2399982202038557e-12
3575.0,1.9419131906600045e-08
3576.0,1.0914766157544842e-09
3577.0,2.599547719769327e-12
3578.0,1.9508622003303477e-12
3579.0,3.1967928439088332e-09
3580.0,2.659241345051663e-12
3581.0,1.2580344228932348e-10
3582.0,3.2213227839410006e-11
3583.0,2.738232443902194e-14
3584.0,8.021568510502289e-10
3585.0,1.3482008220738642e-11
3586.0,4.520711352733225e-11
3587.0,3.3415278312106154e-11
3588.0,9.588561938754882e-09
3589.0,1.3090491412017658e-12
3590.0,1.506717778510994e-10
3591.0,2.90700472323434e-09
3592.0,2.2445408902043153e-10
3593.0,3.5717347985783814e-13
3594.0,1.7951065510091244e-12
3595.0,7.882159148213668e-13
3596.0,1.0124790976040283e-11
3597.0,1.1918895540465852e-12
3598.0,1.3220709731449162e-13
3599.0,1.952285226238212e-11
3600.0,1.2111697467151596e-11
3601.0,8.697660788811409e-11
3602.0,1.6990097520875462e-11
3603.0,7.58925403279399e-12
3604.0,1.5161447145121627e-11
3605.0,1.2250360266237539e-10
3606.0,1.460153072166742e-10
3607.0,2.458992964398649e-12
3608.0,2.6464558609158444e-10
3609.0,1.2117772991737374e-10
3610.0,4.178331368147667e-09
3611.0,7.767926071089306e-10
3612.0,1.9649717511927227e-11
3613.0,9.403294352353219e-12
3614.0,5.3105161408953904e-11
3615.0,1.0543141895788897e-11
3616.0,6.310788758758442e-12
3617.0,4.904897000409003e-11
3618.0,2.6973786856546323e-10
3619.0,1.9240754355979646e-10
3620.0,2.4559012648553653e-11
3621.0,2.2980178916604732e-12
3622.0,1.163230116891658e-12
3623.0,1.6799898173798789e-10
3624.0,7.187307344622779e-12
3625.0,1.2922838391749884e-11
3626.0,6.451422870508866e-12
3627.0,4.257349774472848e-10
3628.0,1.3337398941247697e-09
3629.0,2.6599510324561655e-09
3630.0,1.9903386791272046e-11
3631.0,1.171431485646926e-10
3632.0,1.5319608591877182e-09
3633.0,9.368721243402688e-11
3634.0,4.706668496294183e-09
3635.0,6.130670248894243e-12
3636.0,4.4923220531741087e-10
3637.0,2.864501305525187e-09
3638.0,6.1701259850765226e-12
3639.0,1.7743728243473755e-11
3640.0,1.0502761605741745e-09
3641.0,9.296444533696153e-11
3642.0,4.521463351314179e-12
3643.0,1.2512277066851684e-09
3644.0,2.8248400586635803e-12
3645.0,1.5763324972339069e-12
3646.0,1.9440173859167874e-11
3647.0,2.2533076757594704e-10
3648.0,8.891411342937359e-10
3649.0,6.7908452138446454e-12
3650.0,2.035213124076735e-10
3651.0,1.1006584329639263e-13
3652.0,2.4133291720707994e-10
3653.0,2.511472792386694e-11
3654.0,1.3707592963515056e-10
3655.0,1.0684212780691806e-11
3656.0,6.077757433061535e-12
3657.0,1.030647066692144e-08
3658.0,2.1780910377508375e-09
3659.0,2.985755761830381e-10
3660.0,1.9056136923938446e-08
3661.0,1.083888254212259e-11
3662.0,4.631321608044238e-13
3663.0,8.899199494096354e-09
3664.0,1.0568535917669913e-11
3665.0,2.145822860248046e-11
3666.0,1.452320903608796e-10
3667.0,2.9851329377679026e-11
3668.0,1.7839310597320626e-10
3669.0,2.040970307196816e-10
3670.0,6.161241949476718e-11
3671.0,1.37407306884932e-14
3672.0,1.4293046207828508e-10
3673.0,7.386011120660586e-10
3674.0,3.894814234614318e-11
3675.0,2.1069109469793014e-09
3676.0,2.3370425924864244e-11
3677.0,5.096333025915106e-11
3678.0,7.165122803548361e-10
3679.0,9.206680290887622e-08
3680.0,8.48074035944907e-10
3681.0,6.777151308603277e-10
3682.0,2.6125851149269437e-11
3683.0,0.0
3684.0,1.01241073235273e-10
3685.0,1.0348996311762713e-13
3686.0,7.376155479951534e-11
3687.0,9.33773237172027e-10
3688.0,8.074541654993137e-10
3689.0,2.7180413126843033e-09
3690.0,8.31467775238161e-09
3691.0,4.016937495497696e-11
3692.0,1.6539089174063757e-09
3693.0,4.186853135205237e-10
3694.0,2.5460460831746334e-09
3695.0,1.4492076479686652e-11
3696.0,4.198743177365416e-11
3697.0,5.102179301727425e-11
3698.0,4.142746932959664e-08
3699.0,5.104968823989302e-10
3700.0,8.71959202860815e-11
3701.0,2.14192143171e-09
3702.0,6.217071721112872e-11
3703.0,7.239686745540384e-11
3704.0,6.976476055301329e-11
3705.0,3.200311829284698e-10
3706.0,9.322403064319037e-10
3707.0,1.3693917963670541e-10
3708.0,2.2181517891156326e-11
3709.0,2.3174416121749583e-10
3710.0,1.586214512180515e-09
3711.0,2.14666965651806e-08
3712.0,1.206259747317609e-12
3713.0,5.808089331673159e-12
3714.0,7.285392240079008e-09
3715.0,2.93371106251362e-10
3716.0,1.4799602365689807e-09
3717.0,3.476662587917927e-11
3718.0,1.3018526775064155e-10
3719.0,1.5400189890057935e-11
3720.0,1.1038124795743252e-11
3721.0,3.0378679067975724e-10
3722.0,8.766041767461498e-11
3723.0,6.24342091232314e-10
3724.0,7.380386289480851e-10
3725.0,8.454101829833125e-10
3726.0,9.329483610395949e-11
3727.0,1.8181957461841002e-08
3728.0,7.052506146822792e-10
3729.0,2.0789820766040588e-08
3730.0,2.2372694624789257e-07
3731.0,1.5139960185506349e-10
3732.0,1.0842267327235626e-10
3733.0,3.4500029791499296e-09
3734.0,4.4518688462129e-09
3735.0,4.341170759276528e-11
3736.0,6.489195436379495e-11
3737.0,1.3807357882719525e-07
3738.0,1.4636185764889095e-09
3739.0,4.7376246929449644e-09
3740.0,4.3087094518692793e-10
3741.0,6.793991485261473e-08
3742.0,5.610626705482999e-10
3743.0,3.5809930555523893e-09
3744.0,2.652860789349421e-09
3745.0,1.9071995865936694e-10
3746.0,1.7329033912203949e-10
3747.0,5.704166190936296e-10
3748.0,1.8333698692972046e-11
3749.0,2.4924608357845946e-11
3750.0,1.359062210317728e-11
3751.0,9.766335379417274e-09
3752.0,2.2526841857452322e-10
3753.0,2.4222449074520027e-09
3754.0,2.4306100018225636e-08
3755.0,1.456389655341615e-08
3756.0,2.131761965485491e-08
3757.0,1.761431799412388e-07
3758.0,2.216943818088937e-09
3759.0,2.536860089047666e-11
3760.0,3.7875821909453044e-10
3761.0,1.9727549239633435e-11
3762.0,9.088954853077812e-10
3763.0,5.257254667774472e-09
3764.0,5.646153841705773e-09
3765.0,2.1909422406035562e-10
3766.0,1.4015175679430328e-06
3767.0,2.6290110621674047e-09
3768.0,2.15417601417701e-09
3769.0,4.245861470109637e-09
3770.0,7.482581523094013e-09
3771.0,8.225618753740469e-11
3772.0,1.977667285269251e-08
3773.0,9.759249915832036e-10
3774.0,9.632733170558448e-10
3775.0,4.34311150570615e-10
3776.0,3.144345877003098e-11
3777.0,5.185400904393183e-09
3778.0,1.0550129756989791e-08
3779.0,8.602671692854046e-12
3780.0,8.396243337744502e-11
3781.0,4.8666086328635636e-08
3782.0,6.333501220850188e-10
3783.0,5.149185053514673e-10
3784.0,6.492716265832883e-10
3785.0,5.252242261976262e-09
3786.0,3.4663643460567566e-10
3787.0,8.37012860815944e-07
3788.0,3.174115777990272e-09
3789.0,4.566841173056161e-11
3790.0,1.3243308774932953e-10
3791.0,3.738919694283835e-08
3792.0,7.666281306954732e-09
3793.0,3.056300011990133e-10
3794.0,2.437435302215753e-10
3795.0,1.6923476761115243e-10
3796.0,7.718809283223421e-10
3797.0,5.896585419728455e-06
3798.0,6.567880970585149e-08
3799.0,2.3512200385040637e-08
3800.0,9.799572719111345e-08
3801.0,2.2722312197629042e-08
3802.0,7.586455076552442e-07
3803.0,1.5153882560870446e-09
3804.0,3.163772307648651e-10
3805.0,7.515334641040965e-09
3806.0,4.396920118732685e-07
3807.0,4.087747521037274e-09
3808.0,9.556661175975977e-07
3809.0,4.634297475618819e-09
3810.0,3.4339150304147224e-09
3811.0,8.729016003738751e-08
3812.0,1.2442116069892058e-09
3813.0,9.031251138218809e-08
3814.0,2.97528960954542e-09
3815.0,2.1196693485953667e-07
3816.0,6.743313248932809e-10
3817.0,3.4142517454010396e-10
3818.0,3.5614708434835873e-09
3819.0,6.083249336674223e-10
3820.0,2.0284939198811487e-08
3821.0,9.978709127626022e-10
3822.0,3.182384319454282e-09
3823.0,1.4056831535641847e-08
3824.0,1.638476868515403e-10
3825.0,2.9721709491777037e-07
3826.0,2.3768011491461124e-08
3827.0,8.820041107388411e-08
3828.0,2.843362501389059e-09
3829.0,3.2789763378218067e-07
3830.0,1.1717568094615876e-07
3831.0,2.0183835603275008e-08
3832.0,1.4191634935495755e-07
3833.0,1.5407077357465813e-06
3834.0,4.0109036686621576e-07
3835.0,4.1391340278692495e-06
3836.0,1.0546316574137925e-06
3837.0,3.458439296892696e-07
3838.0,6.63398583266718e-07
3839.0,5.105036860313783e-07
3840.0,6.329048858787071e-08
3841.0,1.8110974692885851e-06
3842.0,6.598411002427082e-08
3843.0,1.6499443124947032e-07
3844.0,1.1071977296238888e-08
3845.0,3.26828325259578e-08
3846.0,7.429170329630972e-09
3847.0,6.823119656900953e-06
3848.0,1.7278103678215842e-07
3849.0,2.351591843075921e-09
3850.0,2.723735920307089e-07
3851.0,8.549887277319051e-08
3852.0,5.1859453891909795e-08
3853.0,3.1698559106874534e-08
3854.0,7.313311346467381e-06
3855.0,2.2907228653354942e-07
3856.0,1.0572508970188877e-06
3857.0,2.9183208831418686e-08
3858.0,1.2924282702356685e-08
3859.0,2.0499451350942647e-07
3860.0,3.148500803373119e-06
3861.0,4.111198483869731e-08
3862.0,4.432261422825102e-06
3863.0,3.2564814654152654e-08
3864.0,1.761908771818818e-07
3865.0,7.723530355547524e-07
3866.0,3.562531228927393e-07
3867.0,3.4564135695872925e-06
3868.0,7.3654684716114e-08
3869.0,3.565161734897395e-06
3870.0,1.2253381380505732e-07
3871.0,3.0663655422118216e-08
3872.0,1.5657525266252228e-08
3873.0,1.2525168856387397e-08
3874.0,5.5165538569685904e-09
3875.0,3.650654550612414e-08
3876.0,5.6865650814539e-08
3877.0,4.573187625997733e-07
3878.0,7.849491243395866e-10
3879.0,7.550670348505224e-09
3880.0,8.371010837355114e-09
3881.0,4.935204006847099e-09
3882.0,1.0922399466247076e-08
3883.0,1.4114235593428165e-08
3884.0,7.508904462114839e-06
3885.0,1.3705726807322058e-08
3886.0,1.8970581200258709e-06
3887.0,5.8137420890562667e-08
3888.0,1.2060977782971158e-06
3889.0,1.868720797412082e-06
3890.0,4.808241616865565e-08
3891.0,3.0411049721104487e-07
3892.0,2.5656572869085366e-08
3893.0,9.572345389543311e-09
3894.0,3.9476470831242244e-07
3895.0,3.075678581010061e-08
3896.0,2.4603681761543497e-08
3897.0,2.700571521246762e-05
3898.0,7.639925025346181e-06
3899.0,7.851781543585948e-08
3900.0,2.1500703794105894e-09
3901.0,8.164409713651898e-08
3902.0,1.551139947593844e-08
3903.0,5.164021717052102e-08
3904.0,4.011996372983322e-06
3905.0,1.036569874036289e-06
3906.0,2.9050032681704637e-07
3907.0,1.6548315298009168e-08
3908.0,1.721029619149193e-07
3909.0,4.664166556684042e-07
3910.0,2.7796378055782214e-06
3911.0,6.07435075939042e-08
3912.0,7.131819265864167e-08
3913.0,6.30761189724067e-07
3914.0,1.2238265837256365e-07
3915.0,2.5798247885841793e-08
3916.0,6.281455054042776e-09
3917.0,1.0630666667800873e-07
3918.0,7.304875323610506e-08
3919.0,7.311506484715733e-07
3920.0,7.941526043872441e-08
3921.0,8.121558150091511e-09
3922.0,1.4707718314600532e-08
3923.0,1.0177168577086101e-07
3924.0,2.847015531148488e-07
3925.0,2.8003026277416308e-08
3926.0,2.1623967806776765e-08
3927.0,1.6883698861427578e-08
3928.0,5.477474029168507e-08
3929.0,2.922693682498561e-08
3930.0,4.667847746447357e-08
3931.0,2.7196484615288815e-08
3932.0,4.716500854083755e-09
3933.0,1.4501598951754267e-09
3934.0,1.743321245370499e-08
3935.0,1.7108541803874185e-09
3936.0,2.6322522924629617e-09
3937.0,1.2162262359300301e-09
3938.0,3.291679517714174e-08
3939.0,1.9912395286811457e-08
3940.0,2.219645783998292e-09
3941.0,5.545497013989395e-07
3942.0,2.603840494267339e-08
3943.0,4.781001508367363e-09
3944.0,1.1450785716577926e-07
3945.0,6.794166383313195e-09
3946.0,1.2630503077114813e-07
3947.0,4.76451517633155e-08
3948.0,3.124210081741902e-08
3949.0,1.5789845110976624e-08
3950.0,1.1031615431040315e-08
3951.0,1.8295315246861387e-08
3952.0,9.111192197640151e-09
3953.0,1.6918414867967928e-09
3954.0,6.849066155451219e-08
3955.0,6.527844140995753e-09
3956.0,1.1223982682605085e-07
3957.0,4.253078209674839e-09
3958.0,3.3201378248145127e-08
3959.0,1.0595289515239065e-08
3960.0,5.773429241425847e-10
3961.0,4.483861096887083e-08
3962.0,5.544653187435485e-09
3963.0,2.090182987576644e-08
3964.0,1.560343064698978e-07
3965.0,1.002695983309018e-07
3966.0,7.648222361051065e-08
3967.0,9.088374274492865e-09
3968.0,5.511614739827099e-09
3969.0,9.941480740167219e-08
3970.0,2.4194363656162945e-07
3971.0,1.0507508069807063e-07
3972.0,2.456815814531563e-08
3973.0,4.481345538497144e-09
3974.0,4.3670020257557406e-07
3975.0,5.172740585644264e-08
3976.0,8.929114640976378e-08
3977.0,6.495569512124908e-10
3978.0,1.0686990364822464e-08
3979.0,5.540555761590671e-07
3980.0,3.707348406309485e-08
3981.0,4.376740329481793e-08
3982.0,1.069726582920885e-08
3983.0,2.8198523861021184e-08
3984.0,1.7031988276556832e-08
3985.0,5.981652496268075e-09
3986.0,1.9461721524733608e-08
3987.0,2.9008416188878313e-08
3988.0,5.258311234654557e-09
3989.0,4.199294383807363e-09
3990.0,1.68930184784363e-07
3991.0,2.5132559778814237e-09
3992.0,1.9069682806033657e-08
3993.0,1.5439519863389276e-08
3994.0,2.645516917928601e-08
3995.0,1.1437594624350587e-08
3996.0,2.3525221585748484e-08
3997.0,6.54042638833395e-09
3998.0,1.2253021524801885e-08
3999.0,5.469405650652043e-09
4000.0,6.641924013397115e-09
